CountryName,CountryCode,RegionName,RegionCode,Date,C1_School closing,C1_Flag,C2_Workplace closing,C2_Flag,C3_Cancel public events,C3_Flag,C4_Restrictions on gatherings,C4_Flag,C5_Close public transport,C5_Flag,C6_Stay at home requirements,C6_Flag,C7_Restrictions on internal movement,C7_Flag,C8_International travel controls,E1_Income support,E1_Flag,E2_Debt/contract relief,E3_Fiscal measures,E4_International support,H1_Public information campaigns,H1_Flag,H2_Testing policy,H3_Contact tracing,H4_Emergency investment in healthcare,H5_Investment in vaccines,H6_Facial Coverings,H6_Flag,M1_Wildcard,ConfirmedCases,ConfirmedDeaths,StringencyIndex,StringencyIndexForDisplay,StringencyLegacyIndex,StringencyLegacyIndexForDisplay,GovernmentResponseIndex,GovernmentResponseIndexForDisplay,ContainmentHealthIndex,ContainmentHealthIndexForDisplay,EconomicSupportIndex,EconomicSupportIndexForDisplay
Greece,GRC,,,20200101,0.00,,0.00,,0.00,,0.00,,0.00,,0.00,,0.00,,0.00,0.00,,0.00,0.00,0.00,0.00,,0.00,0.00,0.00,0.00,0.00,,,0,0,0.00,0.00,0.00,0.00,0.00,0.00,0.00,0.00,0.00,0.00
Greece,GRC,,,20200102,0.00,,0.00,,0.00,,0.00,,0.00,,0.00,,0.00,,0.00,0.00,,0.00,0.00,0.00,0.00,,0.00,0.00,0.00,0.00,0.00,,,0,0,0.00,0.00,0.00,0.00,0.00,0.00,0.00,0.00,0.00,0.00
Greece,GRC,,,20200103,0.00,,0.00,,0.00,,0.00,,0.00,,0.00,,0.00,,0.00,0.00,,0.00,0.00,0.00,0.00,,0.00,0.00,0.00,0.00,0.00,,,0,0,0.00,0.00,0.00,0.00,0.00,0.00,0.00,0.00,0.00,0.00
Greece,GRC,,,20200104,0.00,,0.00,,0.00,,0.00,,0.00,,0.00,,0.00,,0.00,0.00,,0.00,0.00,0.00,0.00,,0.00,0.00,0.00,0.00,0.00,,,0,0,0.00,0.00,0.00,0.00,0.00,0.00,0.00,0.00,0.00,0.00
Greece,GRC,,,20200105,0.00,,0.00,,0.00,,0.00,,0.00,,0.00,,0.00,,0.00,0.00,,0.00,0.00,0.00,0.00,,0.00,0.00,0.00,0.00,0.00,,,0,0,0.00,0.00,0.00,0.00,0.00,0.00,0.00,0.00,0.00,0.00
Greece,GRC,,,20200106,0.00,,0.00,,0.00,,0.00,,0.00,,0.00,,0.00,,0.00,0.00,,0.00,0.00,0.00,0.00,,0.00,0.00,0.00,0.00,0.00,,,0,0,0.00,0.00,0.00,0.00,0.00,0.00,0.00,0.00,0.00,0.00
Greece,GRC,,,20200107,0.00,,0.00,,0.00,,0.00,,0.00,,0.00,,0.00,,0.00,0.00,,0.00,0.00,0.00,0.00,,0.00,0.00,0.00,0.00,0.00,,,0,0,0.00,0.00,0.00,0.00,0.00,0.00,0.00,0.00,0.00,0.00
Greece,GRC,,,20200108,0.00,,0.00,,0.00,,0.00,,0.00,,0.00,,0.00,,0.00,0.00,,0.00,0.00,0.00,0.00,,0.00,0.00,0.00,0.00,0.00,,,0,0,0.00,0.00,0.00,0.00,0.00,0.00,0.00,0.00,0.00,0.00
Greece,GRC,,,20200109,0.00,,0.00,,0.00,,0.00,,0.00,,0.00,,0.00,,0.00,0.00,,0.00,0.00,0.00,0.00,,0.00,0.00,0.00,0.00,0.00,,,0,0,0.00,0.00,0.00,0.00,0.00,0.00,0.00,0.00,0.00,0.00
Greece,GRC,,,20200110,0.00,,0.00,,0.00,,0.00,,0.00,,0.00,,0.00,,0.00,0.00,,0.00,0.00,0.00,0.00,,0.00,0.00,0.00,0.00,0.00,,,0,0,0.00,0.00,0.00,0.00,0.00,0.00,0.00,0.00,0.00,0.00
Greece,GRC,,,20200111,0.00,,0.00,,0.00,,0.00,,0.00,,0.00,,0.00,,0.00,0.00,,0.00,0.00,0.00,0.00,,0.00,0.00,0.00,0.00,0.00,,,0,0,0.00,0.00,0.00,0.00,0.00,0.00,0.00,0.00,0.00,0.00
Greece,GRC,,,20200112,0.00,,0.00,,0.00,,0.00,,0.00,,0.00,,0.00,,0.00,0.00,,0.00,0.00,0.00,0.00,,0.00,0.00,0.00,0.00,0.00,,,0,0,0.00,0.00,0.00,0.00,0.00,0.00,0.00,0.00,0.00,0.00
Greece,GRC,,,20200113,0.00,,0.00,,0.00,,0.00,,0.00,,0.00,,0.00,,0.00,0.00,,0.00,0.00,0.00,0.00,,0.00,0.00,0.00,0.00,0.00,,,0,0,0.00,0.00,0.00,0.00,0.00,0.00,0.00,0.00,0.00,0.00
Greece,GRC,,,20200114,0.00,,0.00,,0.00,,0.00,,0.00,,0.00,,0.00,,0.00,0.00,,0.00,0.00,0.00,0.00,,0.00,0.00,0.00,0.00,0.00,,,0,0,0.00,0.00,0.00,0.00,0.00,0.00,0.00,0.00,0.00,0.00
Greece,GRC,,,20200115,0.00,,0.00,,0.00,,0.00,,0.00,,0.00,,0.00,,0.00,0.00,,0.00,0.00,0.00,0.00,,0.00,0.00,0.00,0.00,0.00,,,0,0,0.00,0.00,0.00,0.00,0.00,0.00,0.00,0.00,0.00,0.00
Greece,GRC,,,20200116,0.00,,0.00,,0.00,,0.00,,0.00,,0.00,,0.00,,0.00,0.00,,0.00,0.00,0.00,0.00,,0.00,0.00,0.00,0.00,0.00,,,0,0,0.00,0.00,0.00,0.00,0.00,0.00,0.00,0.00,0.00,0.00
Greece,GRC,,,20200117,0.00,,0.00,,0.00,,0.00,,0.00,,0.00,,0.00,,0.00,0.00,,0.00,0.00,0.00,0.00,,0.00,0.00,0.00,0.00,0.00,,,0,0,0.00,0.00,0.00,0.00,0.00,0.00,0.00,0.00,0.00,0.00
Greece,GRC,,,20200118,0.00,,0.00,,0.00,,0.00,,0.00,,0.00,,0.00,,0.00,0.00,,0.00,0.00,0.00,0.00,,0.00,0.00,0.00,0.00,0.00,,,0,0,0.00,0.00,0.00,0.00,0.00,0.00,0.00,0.00,0.00,0.00
Greece,GRC,,,20200119,0.00,,0.00,,0.00,,0.00,,0.00,,0.00,,0.00,,0.00,0.00,,0.00,0.00,0.00,0.00,,0.00,0.00,0.00,0.00,0.00,,,0,0,0.00,0.00,0.00,0.00,0.00,0.00,0.00,0.00,0.00,0.00
Greece,GRC,,,20200120,0.00,,0.00,,0.00,,0.00,,0.00,,0.00,,0.00,,0.00,0.00,,0.00,0.00,0.00,0.00,,0.00,0.00,0.00,0.00,0.00,,,0,0,0.00,0.00,0.00,0.00,0.00,0.00,0.00,0.00,0.00,0.00
Greece,GRC,,,20200121,0.00,,0.00,,0.00,,0.00,,0.00,,0.00,,0.00,,0.00,0.00,,0.00,0.00,0.00,0.00,,0.00,0.00,0.00,0.00,0.00,,,0,0,0.00,0.00,0.00,0.00,0.00,0.00,0.00,0.00,0.00,0.00
Greece,GRC,,,20200122,0.00,,0.00,,0.00,,0.00,,0.00,,0.00,,0.00,,0.00,0.00,,0.00,0.00,0.00,0.00,,0.00,0.00,0.00,0.00,0.00,,,0,0,0.00,0.00,0.00,0.00,0.00,0.00,0.00,0.00,0.00,0.00
Greece,GRC,,,20200123,0.00,,0.00,,0.00,,0.00,,0.00,,0.00,,0.00,,0.00,0.00,,0.00,0.00,0.00,0.00,,0.00,0.00,0.00,0.00,0.00,,,0,0,0.00,0.00,0.00,0.00,0.00,0.00,0.00,0.00,0.00,0.00
Greece,GRC,,,20200124,0.00,,0.00,,0.00,,0.00,,0.00,,0.00,,0.00,,0.00,0.00,,0.00,0.00,0.00,0.00,,0.00,0.00,0.00,0.00,0.00,,,0,0,0.00,0.00,0.00,0.00,0.00,0.00,0.00,0.00,0.00,0.00
Greece,GRC,,,20200125,0.00,,0.00,,0.00,,0.00,,0.00,,0.00,,0.00,,0.00,0.00,,0.00,0.00,0.00,0.00,,0.00,0.00,0.00,0.00,0.00,,,0,0,0.00,0.00,0.00,0.00,0.00,0.00,0.00,0.00,0.00,0.00
Greece,GRC,,,20200126,0.00,,0.00,,0.00,,0.00,,0.00,,0.00,,0.00,,0.00,0.00,,0.00,0.00,0.00,0.00,,0.00,0.00,0.00,0.00,0.00,,,0,0,0.00,0.00,0.00,0.00,0.00,0.00,0.00,0.00,0.00,0.00
Greece,GRC,,,20200127,0.00,,0.00,,0.00,,0.00,,0.00,,0.00,,0.00,,0.00,0.00,,0.00,0.00,0.00,0.00,,0.00,0.00,0.00,0.00,0.00,,,0,0,0.00,0.00,0.00,0.00,0.00,0.00,0.00,0.00,0.00,0.00
Greece,GRC,,,20200128,0.00,,0.00,,0.00,,0.00,,0.00,,0.00,,0.00,,0.00,0.00,,0.00,0.00,0.00,0.00,,0.00,0.00,0.00,0.00,0.00,,,0,0,0.00,0.00,0.00,0.00,0.00,0.00,0.00,0.00,0.00,0.00
Greece,GRC,,,20200129,0.00,,0.00,,0.00,,0.00,,0.00,,0.00,,0.00,,0.00,0.00,,0.00,0.00,0.00,0.00,,0.00,0.00,0.00,0.00,0.00,,,0,0,0.00,0.00,0.00,0.00,0.00,0.00,0.00,0.00,0.00,0.00
Greece,GRC,,,20200130,0.00,,0.00,,0.00,,0.00,,0.00,,0.00,,0.00,,0.00,0.00,,0.00,0.00,0.00,0.00,,0.00,0.00,0.00,0.00,0.00,,,0,0,0.00,0.00,0.00,0.00,0.00,0.00,0.00,0.00,0.00,0.00
Greece,GRC,,,20200131,0.00,,0.00,,0.00,,0.00,,0.00,,0.00,,0.00,,0.00,0.00,,0.00,0.00,0.00,0.00,,0.00,0.00,0.00,0.00,0.00,,,0,0,0.00,0.00,0.00,0.00,0.00,0.00,0.00,0.00,0.00,0.00
Greece,GRC,,,20200201,0.00,,0.00,,0.00,,0.00,,0.00,,0.00,,0.00,,0.00,0.00,,0.00,0.00,0.00,0.00,,0.00,0.00,0.00,0.00,0.00,,,0,0,0.00,0.00,0.00,0.00,0.00,0.00,0.00,0.00,0.00,0.00
Greece,GRC,,,20200202,0.00,,0.00,,0.00,,0.00,,0.00,,0.00,,0.00,,0.00,0.00,,0.00,0.00,0.00,0.00,,0.00,0.00,0.00,0.00,0.00,,,0,0,0.00,0.00,0.00,0.00,0.00,0.00,0.00,0.00,0.00,0.00
Greece,GRC,,,20200203,0.00,,0.00,,0.00,,0.00,,0.00,,0.00,,0.00,,0.00,0.00,,0.00,0.00,0.00,0.00,,0.00,0.00,0.00,0.00,0.00,,,0,0,0.00,0.00,0.00,0.00,0.00,0.00,0.00,0.00,0.00,0.00
Greece,GRC,,,20200204,0.00,,0.00,,0.00,,0.00,,0.00,,0.00,,0.00,,0.00,0.00,,0.00,0.00,0.00,0.00,,0.00,0.00,0.00,0.00,0.00,,,0,0,0.00,0.00,0.00,0.00,0.00,0.00,0.00,0.00,0.00,0.00
Greece,GRC,,,20200205,0.00,,0.00,,0.00,,0.00,,0.00,,0.00,,0.00,,0.00,0.00,,0.00,0.00,0.00,0.00,,0.00,0.00,0.00,0.00,0.00,,,0,0,0.00,0.00,0.00,0.00,0.00,0.00,0.00,0.00,0.00,0.00
Greece,GRC,,,20200206,0.00,,0.00,,0.00,,0.00,,0.00,,0.00,,0.00,,0.00,0.00,,0.00,0.00,0.00,0.00,,0.00,0.00,0.00,0.00,0.00,,,0,0,0.00,0.00,0.00,0.00,0.00,0.00,0.00,0.00,0.00,0.00
Greece,GRC,,,20200207,0.00,,0.00,,0.00,,0.00,,0.00,,0.00,,0.00,,0.00,0.00,,0.00,0.00,0.00,0.00,,0.00,0.00,0.00,0.00,0.00,,,0,0,0.00,0.00,0.00,0.00,0.00,0.00,0.00,0.00,0.00,0.00
Greece,GRC,,,20200208,0.00,,0.00,,0.00,,0.00,,0.00,,0.00,,0.00,,0.00,0.00,,0.00,0.00,0.00,0.00,,0.00,0.00,0.00,0.00,0.00,,,0,0,0.00,0.00,0.00,0.00,0.00,0.00,0.00,0.00,0.00,0.00
Greece,GRC,,,20200209,0.00,,0.00,,0.00,,0.00,,0.00,,0.00,,0.00,,0.00,0.00,,0.00,0.00,0.00,0.00,,0.00,0.00,0.00,0.00,0.00,,,0,0,0.00,0.00,0.00,0.00,0.00,0.00,0.00,0.00,0.00,0.00
Greece,GRC,,,20200210,0.00,,0.00,,0.00,,0.00,,0.00,,0.00,,0.00,,0.00,0.00,,0.00,0.00,0.00,0.00,,0.00,0.00,0.00,0.00,0.00,,,0,0,0.00,0.00,0.00,0.00,0.00,0.00,0.00,0.00,0.00,0.00
Greece,GRC,,,20200211,0.00,,0.00,,0.00,,0.00,,0.00,,0.00,,0.00,,0.00,0.00,,0.00,0.00,0.00,0.00,,0.00,0.00,0.00,0.00,0.00,,,0,0,0.00,0.00,0.00,0.00,0.00,0.00,0.00,0.00,0.00,0.00
Greece,GRC,,,20200212,0.00,,0.00,,0.00,,0.00,,0.00,,0.00,,0.00,,0.00,0.00,,0.00,0.00,0.00,0.00,,0.00,0.00,0.00,0.00,0.00,,,0,0,0.00,0.00,0.00,0.00,0.00,0.00,0.00,0.00,0.00,0.00
Greece,GRC,,,20200213,0.00,,0.00,,0.00,,0.00,,0.00,,0.00,,0.00,,0.00,0.00,,0.00,0.00,0.00,0.00,,0.00,0.00,0.00,0.00,0.00,,,0,0,0.00,0.00,0.00,0.00,0.00,0.00,0.00,0.00,0.00,0.00
Greece,GRC,,,20200214,0.00,,0.00,,0.00,,0.00,,0.00,,0.00,,0.00,,0.00,0.00,,0.00,0.00,0.00,0.00,,0.00,0.00,0.00,0.00,0.00,,,0,0,0.00,0.00,0.00,0.00,0.00,0.00,0.00,0.00,0.00,0.00
Greece,GRC,,,20200215,0.00,,0.00,,0.00,,0.00,,0.00,,0.00,,0.00,,0.00,0.00,,0.00,0.00,0.00,0.00,,0.00,0.00,0.00,0.00,0.00,,,0,0,0.00,0.00,0.00,0.00,0.00,0.00,0.00,0.00,0.00,0.00
Greece,GRC,,,20200216,0.00,,0.00,,0.00,,0.00,,0.00,,0.00,,0.00,,0.00,0.00,,0.00,0.00,0.00,0.00,,0.00,0.00,0.00,0.00,0.00,,,0,0,0.00,0.00,0.00,0.00,0.00,0.00,0.00,0.00,0.00,0.00
Greece,GRC,,,20200217,0.00,,0.00,,0.00,,0.00,,0.00,,0.00,,0.00,,0.00,0.00,,0.00,0.00,0.00,0.00,,0.00,0.00,0.00,0.00,0.00,,,0,0,0.00,0.00,0.00,0.00,0.00,0.00,0.00,0.00,0.00,0.00
Greece,GRC,,,20200218,0.00,,0.00,,0.00,,0.00,,0.00,,0.00,,0.00,,0.00,0.00,,0.00,0.00,0.00,0.00,,0.00,0.00,0.00,0.00,0.00,,,0,0,0.00,0.00,0.00,0.00,0.00,0.00,0.00,0.00,0.00,0.00
Greece,GRC,,,20200219,0.00,,0.00,,0.00,,0.00,,0.00,,0.00,,0.00,,0.00,0.00,,0.00,0.00,0.00,0.00,,0.00,0.00,0.00,0.00,0.00,,,0,0,0.00,0.00,0.00,0.00,0.00,0.00,0.00,0.00,0.00,0.00
Greece,GRC,,,20200220,0.00,,0.00,,0.00,,0.00,,0.00,,0.00,,0.00,,0.00,0.00,,0.00,0.00,0.00,0.00,,0.00,0.00,0.00,0.00,0.00,,,0,0,0.00,0.00,0.00,0.00,0.00,0.00,0.00,0.00,0.00,0.00
Greece,GRC,,,20200221,0.00,,0.00,,0.00,,0.00,,0.00,,0.00,,0.00,,0.00,0.00,,0.00,0.00,0.00,0.00,,0.00,0.00,0.00,0.00,0.00,,,0,0,0.00,0.00,0.00,0.00,0.00,0.00,0.00,0.00,0.00,0.00
Greece,GRC,,,20200222,0.00,,0.00,,0.00,,0.00,,0.00,,0.00,,0.00,,0.00,0.00,,0.00,0.00,0.00,0.00,,0.00,0.00,0.00,0.00,0.00,,,0,0,0.00,0.00,0.00,0.00,0.00,0.00,0.00,0.00,0.00,0.00
Greece,GRC,,,20200223,0.00,,0.00,,0.00,,0.00,,0.00,,0.00,,0.00,,0.00,0.00,,0.00,0.00,0.00,0.00,,0.00,0.00,0.00,0.00,0.00,,,0,0,0.00,0.00,0.00,0.00,0.00,0.00,0.00,0.00,0.00,0.00
Greece,GRC,,,20200224,0.00,,0.00,,0.00,,0.00,,0.00,,0.00,,0.00,,0.00,0.00,,0.00,0.00,0.00,0.00,,0.00,0.00,0.00,0.00,0.00,,,0,0,0.00,0.00,0.00,0.00,0.00,0.00,0.00,0.00,0.00,0.00
Greece,GRC,,,20200225,0.00,,0.00,,0.00,,0.00,,0.00,,0.00,,0.00,,0.00,0.00,,0.00,0.00,0.00,2.00,1,0.00,0.00,0.00,0.00,0.00,,,0,0,11.11,11.11,14.29,14.29,7.14,7.14,8.33,8.33,0.00,0.00
Greece,GRC,,,20200226,0.00,,0.00,,0.00,,0.00,,0.00,,0.00,,0.00,,0.00,0.00,,0.00,0.00,0.00,2.00,1,0.00,0.00,0.00,0.00,0.00,,,0,0,11.11,11.11,14.29,14.29,7.14,7.14,8.33,8.33,0.00,0.00
Greece,GRC,,,20200227,0.00,,0.00,,0.00,,0.00,,0.00,,0.00,,0.00,,0.00,0.00,,0.00,0.00,0.00,2.00,1,0.00,0.00,0.00,0.00,0.00,,,1,0,11.11,11.11,14.29,14.29,7.14,7.14,8.33,8.33,0.00,0.00
Greece,GRC,,,20200228,0.00,,0.00,,0.00,,0.00,,0.00,,0.00,,0.00,,0.00,0.00,,0.00,0.00,0.00,2.00,1,0.00,0.00,0.00,0.00,0.00,,,3,0,11.11,11.11,14.29,14.29,7.14,7.14,8.33,8.33,0.00,0.00
Greece,GRC,,,20200229,0.00,,0.00,,2.00,0,0.00,,0.00,,0.00,,0.00,,0.00,0.00,,0.00,0.00,0.00,2.00,1,0.00,0.00,0.00,0.00,0.00,,,4,0,19.44,19.44,23.81,23.81,12.50,12.50,14.58,14.58,0.00,0.00
Greece,GRC,,,20200301,0.00,,0.00,,2.00,0,0.00,,0.00,,0.00,,0.00,,0.00,0.00,,0.00,0.00,0.00,2.00,1,0.00,0.00,0.00,0.00,0.00,,,7,0,19.44,19.44,23.81,23.81,12.50,12.50,14.58,14.58,0.00,0.00
Greece,GRC,,,20200302,0.00,,0.00,,2.00,0,0.00,,0.00,,0.00,,0.00,,0.00,0.00,,0.00,0.00,0.00,2.00,1,0.00,0.00,0.00,0.00,0.00,,,7,0,19.44,19.44,23.81,23.81,12.50,12.50,14.58,14.58,0.00,0.00
Greece,GRC,,,20200303,0.00,,0.00,,2.00,0,0.00,,0.00,,0.00,,0.00,,0.00,0.00,,0.00,0.00,0.00,2.00,1,0.00,0.00,0.00,0.00,0.00,,,,,19.44,19.44,23.81,23.81,12.50,12.50,14.58,14.58,0.00,0.00
Greece,GRC,,,20200304,0.00,,0.00,,2.00,0,0.00,,0.00,,0.00,,0.00,,0.00,0.00,,0.00,0.00,0.00,2.00,1,0.00,0.00,0.00,0.00,0.00,,,,,19.44,19.44,23.81,23.81,12.50,12.50,14.58,14.58,0.00,0.00
Greece,GRC,,,20200305,3.00,0,0.00,,2.00,0,0.00,,0.00,,0.00,,0.00,,0.00,0.00,,0.00,0.00,0.00,2.00,1,0.00,0.00,0.00,0.00,0.00,,,10,0,28.70,28.70,34.52,34.52,18.45,18.45,21.53,21.53,0.00,0.00
Greece,GRC,,,20200306,3.00,0,0.00,,2.00,0,0.00,,0.00,,0.00,,0.00,,0.00,0.00,,0.00,0.00,0.00,2.00,1,0.00,0.00,0.00,0.00,0.00,,,32,0,28.70,28.70,34.52,34.52,18.45,18.45,21.53,21.53,0.00,0.00
Greece,GRC,,,20200307,3.00,0,0.00,,2.00,0,0.00,,0.00,,0.00,,0.00,,0.00,0.00,,0.00,0.00,0.00,2.00,1,0.00,0.00,0.00,0.00,0.00,,,45,0,28.70,28.70,34.52,34.52,18.45,18.45,21.53,21.53,0.00,0.00
Greece,GRC,,,20200308,3.00,0,0.00,,2.00,0,0.00,,0.00,,0.00,,0.00,,0.00,0.00,,0.00,0.00,0.00,2.00,1,0.00,0.00,0.00,0.00,0.00,,,66,0,28.70,28.70,34.52,34.52,18.45,18.45,21.53,21.53,0.00,0.00
Greece,GRC,,,20200309,3.00,0,0.00,,2.00,1,0.00,,0.00,,0.00,,0.00,,0.00,0.00,,0.00,0.00,0.00,2.00,1,0.00,0.00,0.00,0.00,0.00,,,73,0,31.48,31.48,39.29,39.29,20.24,20.24,23.61,23.61,0.00,0.00
Greece,GRC,,,20200310,3.00,1,0.00,,2.00,1,0.00,,0.00,,0.00,,0.00,,0.00,0.00,,0.00,0.00,0.00,2.00,1,0.00,0.00,0.00,0.00,0.00,,,84,0,33.33,33.33,42.86,42.86,21.43,21.43,25.00,25.00,0.00,0.00
Greece,GRC,,,20200311,3.00,1,0.00,,2.00,1,0.00,,0.00,,0.00,,0.00,,0.00,0.00,,0.00,0.00,0.00,2.00,1,0.00,0.00,0.00,0.00,0.00,,,90,0,33.33,33.33,42.86,42.86,21.43,21.43,25.00,25.00,0.00,0.00
Greece,GRC,,,20200312,3.00,1,2.00,1,2.00,1,0.00,,0.00,,0.00,,0.00,,0.00,0.00,,0.00,0.00,0.00,2.00,1,0.00,0.00,0.00,0.00,0.00,,,99,1,40.74,40.74,53.57,53.57,26.19,26.19,30.56,30.56,0.00,0.00
Greece,GRC,,,20200313,3.00,1,2.00,1,2.00,1,0.00,,0.00,,0.00,,0.00,,0.00,0.00,,0.00,0.00,0.00,2.00,1,0.00,0.00,0.00,0.00,0.00,,,133,1,40.74,40.74,53.57,53.57,26.19,26.19,30.56,30.56,0.00,0.00
Greece,GRC,,,20200314,3.00,1,2.00,1,2.00,1,0.00,,1.00,1,0.00,,0.00,,3.00,0.00,,0.00,0.00,0.00,2.00,1,0.00,0.00,0.00,0.00,0.00,,,190,1,54.63,54.63,73.81,73.81,35.12,35.12,40.97,40.97,0.00,0.00
Greece,GRC,,,20200315,3.00,1,2.00,1,2.00,1,0.00,,1.00,1,0.00,,0.00,,3.00,0.00,,0.00,0.00,0.00,2.00,1,0.00,0.00,0.00,0.00,0.00,,,228,3,54.63,54.63,73.81,73.81,35.12,35.12,40.97,40.97,0.00,0.00
Greece,GRC,,,20200316,3.00,1,2.00,1,2.00,1,0.00,,1.00,1,0.00,,0.00,,3.00,0.00,,0.00,0.00,0.00,2.00,1,0.00,0.00,0.00,0.00,0.00,,,331,4,54.63,54.63,73.81,73.81,35.12,35.12,40.97,40.97,0.00,0.00
Greece,GRC,,,20200317,3.00,1,2.00,1,2.00,1,0.00,,1.00,1,0.00,,0.00,,3.00,0.00,,0.00,0.00,0.00,2.00,1,0.00,0.00,0.00,0.00,0.00,,,352,4,54.63,54.63,73.81,73.81,35.12,35.12,40.97,40.97,0.00,0.00
Greece,GRC,,,20200318,3.00,1,2.00,1,2.00,1,4.00,1,1.00,1,0.00,,0.00,,3.00,1.00,0,0.00,4118246200.00,0.00,2.00,1,0.00,0.00,0.00,0.00,0.00,,,387,5,65.74,65.74,73.81,73.81,44.05,44.05,49.31,49.31,12.50,12.50
Greece,GRC,,,20200319,3.00,1,2.00,1,2.00,1,4.00,1,1.00,1,0.00,,0.00,,3.00,1.00,0,0.00,3200000000.00,0.00,2.00,1,0.00,0.00,0.00,0.00,0.00,,,418,5,65.74,65.74,73.81,73.81,44.05,44.05,49.31,49.31,12.50,12.50
Greece,GRC,,,20200320,3.00,1,2.00,1,2.00,1,4.00,1,1.00,1,0.00,,0.00,,3.00,1.00,0,0.00,0.00,0.00,2.00,1,0.00,0.00,0.00,0.00,0.00,,,464,5,65.74,65.74,73.81,73.81,44.05,44.05,49.31,49.31,12.50,12.50
Greece,GRC,,,20200321,3.00,1,2.00,1,2.00,1,4.00,1,1.00,1,0.00,,2.00,0,3.00,1.00,0,0.00,0.00,0.00,2.00,1,0.00,0.00,0.00,0.00,0.00,,,495,8,74.07,74.07,83.33,83.33,49.40,49.40,55.56,55.56,12.50,12.50
Greece,GRC,,,20200322,3.00,1,2.00,1,2.00,1,4.00,1,1.00,1,0.00,,2.00,0,3.00,1.00,0,0.00,0.00,0.00,2.00,1,0.00,0.00,0.00,0.00,0.00,,,530,13,74.07,74.07,83.33,83.33,49.40,49.40,55.56,55.56,12.50,12.50
Greece,GRC,,,20200323,3.00,1,2.00,1,2.00,1,4.00,1,1.00,1,2.00,1,2.00,1,3.00,1.00,0,0.00,0.00,0.00,2.00,1,0.00,0.00,0.00,0.00,0.00,,,624,15,84.26,84.26,88.10,88.10,55.95,55.95,63.19,63.19,12.50,12.50
Greece,GRC,,,20200324,3.00,1,2.00,1,2.00,1,4.00,1,1.00,1,2.00,1,2.00,1,3.00,1.00,0,0.00,0.00,0.00,2.00,1,0.00,0.00,0.00,0.00,0.00,,,695,17,84.26,84.26,88.10,88.10,55.95,55.95,63.19,63.19,12.50,12.50
Greece,GRC,,,20200325,3.00,1,2.00,1,2.00,1,4.00,1,1.00,1,2.00,1,2.00,1,3.00,1.00,1,1.00,0.00,0.00,2.00,1,0.00,0.00,0.00,0.00,0.00,,,743,20,84.26,84.26,88.10,88.10,61.31,61.31,63.19,63.19,50.00,50.00
Greece,GRC,,,20200326,3.00,1,2.00,1,2.00,1,4.00,1,1.00,1,2.00,1,2.00,1,3.00,1.00,1,1.00,0.00,0.00,2.00,1,0.00,0.00,0.00,0.00,0.00,,,821,22,84.26,84.26,88.10,88.10,61.31,61.31,63.19,63.19,50.00,50.00
Greece,GRC,,,20200327,3.00,1,2.00,1,2.00,1,4.00,1,1.00,1,2.00,1,2.00,1,3.00,1.00,1,1.00,0.00,0.00,2.00,1,0.00,0.00,0.00,0.00,0.00,,,892,26,84.26,84.26,88.10,88.10,61.31,61.31,63.19,63.19,50.00,50.00
Greece,GRC,,,20200328,3.00,1,2.00,1,2.00,1,4.00,1,1.00,1,2.00,1,2.00,1,3.00,1.00,1,1.00,0.00,0.00,2.00,1,0.00,0.00,0.00,0.00,0.00,,,966,28,84.26,84.26,88.10,88.10,61.31,61.31,63.19,63.19,50.00,50.00
Greece,GRC,,,20200329,3.00,1,2.00,1,2.00,1,4.00,1,1.00,1,2.00,1,2.00,1,3.00,1.00,1,1.00,0.00,0.00,2.00,1,0.00,0.00,0.00,0.00,0.00,,,1061,32,84.26,84.26,88.10,88.10,61.31,61.31,63.19,63.19,50.00,50.00
Greece,GRC,,,20200330,3.00,1,2.00,1,2.00,1,4.00,1,1.00,1,2.00,1,2.00,1,3.00,1.00,1,1.00,0.00,0.00,2.00,1,0.00,0.00,0.00,0.00,0.00,,,1156,38,84.26,84.26,88.10,88.10,61.31,61.31,63.19,63.19,50.00,50.00
Greece,GRC,,,20200331,3.00,1,2.00,1,2.00,1,4.00,1,1.00,1,2.00,1,2.00,1,3.00,1.00,1,1.00,0.00,0.00,2.00,1,0.00,0.00,0.00,0.00,0.00,,,1212,43,84.26,84.26,88.10,88.10,61.31,61.31,63.19,63.19,50.00,50.00
Greece,GRC,,,20200401,3.00,1,2.00,1,2.00,1,4.00,1,1.00,1,2.00,1,2.00,1,3.00,1.00,1,1.00,0.00,0.00,2.00,1,0.00,0.00,0.00,0.00,0.00,,,1314,49,84.26,84.26,88.10,88.10,61.31,61.31,63.19,63.19,50.00,50.00
Greece,GRC,,,20200402,3.00,1,2.00,1,2.00,1,4.00,1,1.00,1,2.00,1,2.00,1,3.00,1.00,1,1.00,0.00,0.00,2.00,1,0.00,0.00,0.00,0.00,0.00,,,1375,50,84.26,84.26,88.10,88.10,61.31,61.31,63.19,63.19,50.00,50.00
Greece,GRC,,,20200403,3.00,1,2.00,1,2.00,1,4.00,1,1.00,1,2.00,1,2.00,1,3.00,1.00,1,1.00,0.00,0.00,2.00,1,0.00,0.00,0.00,0.00,0.00,,,1514,53,84.26,84.26,88.10,88.10,61.31,61.31,63.19,63.19,50.00,50.00
Greece,GRC,,,20200404,3.00,1,2.00,1,2.00,1,4.00,1,1.00,1,2.00,1,2.00,1,3.00,1.00,1,1.00,0.00,0.00,2.00,1,0.00,0.00,0.00,0.00,0.00,,,1613,59,84.26,84.26,88.10,88.10,61.31,61.31,63.19,63.19,50.00,50.00
Greece,GRC,,,20200405,3.00,1,2.00,1,2.00,1,4.00,1,1.00,1,2.00,1,2.00,1,3.00,1.00,1,1.00,0.00,0.00,2.00,1,0.00,0.00,0.00,0.00,0.00,,,1673,68,84.26,84.26,88.10,88.10,61.31,61.31,63.19,63.19,50.00,50.00
Greece,GRC,,,20200406,3.00,1,2.00,1,2.00,1,4.00,1,1.00,1,2.00,1,2.00,1,3.00,1.00,1,1.00,0.00,0.00,2.00,1,0.00,0.00,0.00,0.00,0.00,,,1735,73,84.26,84.26,88.10,88.10,61.31,61.31,63.19,63.19,50.00,50.00
Greece,GRC,,,20200407,3.00,1,2.00,1,2.00,1,4.00,1,1.00,1,2.00,1,2.00,1,3.00,1.00,1,1.00,0.00,0.00,2.00,1,0.00,0.00,0.00,0.00,0.00,,,1755,79,84.26,84.26,88.10,88.10,61.31,61.31,63.19,63.19,50.00,50.00
Greece,GRC,,,20200408,3.00,1,2.00,1,2.00,1,4.00,1,1.00,1,2.00,1,2.00,1,3.00,1.00,1,1.00,0.00,0.00,2.00,1,2.00,0.00,0.00,0.00,0.00,,,1832,81,84.26,84.26,88.10,88.10,66.07,66.07,68.75,68.75,50.00,50.00
Greece,GRC,,,20200409,3.00,1,2.00,1,2.00,1,4.00,1,1.00,1,2.00,1,2.00,1,3.00,1.00,1,1.00,0.00,0.00,2.00,1,2.00,0.00,0.00,0.00,0.00,,,1884,83,84.26,84.26,88.10,88.10,66.07,66.07,68.75,68.75,50.00,50.00
Greece,GRC,,,20200410,3.00,1,2.00,1,2.00,1,4.00,1,1.00,1,2.00,1,2.00,1,3.00,1.00,1,1.00,0.00,0.00,2.00,1,2.00,0.00,0.00,0.00,0.00,,,1955,86,84.26,84.26,88.10,88.10,66.07,66.07,68.75,68.75,50.00,50.00
Greece,GRC,,,20200411,3.00,1,2.00,1,2.00,1,4.00,1,1.00,1,2.00,1,2.00,1,3.00,1.00,1,1.00,0.00,0.00,2.00,1,2.00,0.00,0.00,0.00,0.00,,,2011,90,84.26,84.26,88.10,88.10,66.07,66.07,68.75,68.75,50.00,50.00
Greece,GRC,,,20200412,3.00,1,2.00,1,2.00,1,4.00,1,1.00,1,2.00,1,2.00,1,3.00,1.00,1,1.00,0.00,0.00,2.00,1,2.00,0.00,0.00,0.00,0.00,,,2081,93,84.26,84.26,88.10,88.10,66.07,66.07,68.75,68.75,50.00,50.00
Greece,GRC,,,20200413,3.00,1,2.00,1,2.00,1,4.00,1,1.00,1,2.00,1,2.00,1,3.00,1.00,1,1.00,0.00,0.00,2.00,1,2.00,0.00,0.00,0.00,0.00,,,2114,98,84.26,84.26,88.10,88.10,66.07,66.07,68.75,68.75,50.00,50.00
Greece,GRC,,,20200414,3.00,1,2.00,1,2.00,1,4.00,1,1.00,1,2.00,1,2.00,1,3.00,1.00,1,1.00,0.00,0.00,2.00,1,2.00,0.00,0.00,0.00,0.00,,,2145,99,84.26,84.26,88.10,88.10,66.07,66.07,68.75,68.75,50.00,50.00
Greece,GRC,,,20200415,3.00,1,2.00,1,2.00,1,4.00,1,1.00,1,2.00,1,2.00,1,3.00,1.00,1,1.00,0.00,0.00,2.00,1,2.00,0.00,0.00,0.00,0.00,,,2170,101,84.26,84.26,88.10,88.10,66.07,66.07,68.75,68.75,50.00,50.00
Greece,GRC,,,20200416,3.00,1,2.00,1,2.00,1,4.00,1,1.00,1,2.00,1,2.00,1,3.00,1.00,1,1.00,0.00,0.00,2.00,1,2.00,0.00,0.00,0.00,0.00,,,2192,102,84.26,84.26,88.10,88.10,66.07,66.07,68.75,68.75,50.00,50.00
Greece,GRC,,,20200417,3.00,1,2.00,1,2.00,1,4.00,1,1.00,1,2.00,1,2.00,1,3.00,1.00,1,1.00,0.00,0.00,2.00,1,2.00,0.00,0.00,0.00,0.00,,,2207,105,84.26,84.26,88.10,88.10,66.07,66.07,68.75,68.75,50.00,50.00
Greece,GRC,,,20200418,3.00,1,2.00,1,2.00,1,4.00,1,1.00,1,2.00,1,2.00,1,3.00,1.00,1,1.00,0.00,0.00,2.00,1,2.00,0.00,0.00,0.00,0.00,,,2207,105,84.26,84.26,88.10,88.10,66.07,66.07,68.75,68.75,50.00,50.00
Greece,GRC,,,20200419,3.00,1,2.00,1,2.00,1,4.00,1,1.00,1,2.00,1,2.00,1,3.00,1.00,1,1.00,0.00,0.00,2.00,1,2.00,0.00,0.00,0.00,0.00,,,2207,105,84.26,84.26,88.10,88.10,66.07,66.07,68.75,68.75,50.00,50.00
Greece,GRC,,,20200420,3.00,1,2.00,1,2.00,1,4.00,1,1.00,1,2.00,1,2.00,1,3.00,1.00,1,1.00,0.00,0.00,2.00,1,2.00,0.00,0.00,0.00,0.00,,,2235,110,84.26,84.26,88.10,88.10,66.07,66.07,68.75,68.75,50.00,50.00
Greece,GRC,,,20200421,3.00,1,2.00,1,2.00,1,4.00,1,1.00,1,2.00,1,2.00,1,3.00,1.00,1,1.00,0.00,0.00,2.00,1,2.00,0.00,0.00,0.00,0.00,,,2245,116,84.26,84.26,88.10,88.10,66.07,66.07,68.75,68.75,50.00,50.00
Greece,GRC,,,20200422,3.00,1,2.00,1,2.00,1,4.00,1,1.00,1,2.00,1,2.00,1,3.00,1.00,1,1.00,0.00,0.00,2.00,1,2.00,0.00,0.00,0.00,0.00,,,2401,121,84.26,84.26,88.10,88.10,66.07,66.07,68.75,68.75,50.00,50.00
Greece,GRC,,,20200423,3.00,1,2.00,1,2.00,1,4.00,1,1.00,1,2.00,1,2.00,1,3.00,1.00,1,1.00,0.00,0.00,2.00,1,2.00,0.00,0.00,0.00,0.00,,,2408,121,84.26,84.26,88.10,88.10,66.07,66.07,68.75,68.75,50.00,50.00
Greece,GRC,,,20200424,3.00,1,2.00,1,2.00,1,4.00,1,1.00,1,2.00,1,2.00,1,3.00,1.00,1,1.00,0.00,0.00,2.00,1,2.00,0.00,0.00,0.00,0.00,,,2463,125,84.26,84.26,88.10,88.10,66.07,66.07,68.75,68.75,50.00,50.00
Greece,GRC,,,20200425,3.00,1,2.00,1,2.00,1,4.00,1,1.00,1,2.00,1,2.00,1,3.00,1.00,1,1.00,0.00,0.00,2.00,1,2.00,0.00,0.00,0.00,0.00,,,2490,130,84.26,84.26,88.10,88.10,66.07,66.07,68.75,68.75,50.00,50.00
Greece,GRC,,,20200426,3.00,1,2.00,1,2.00,1,4.00,1,1.00,1,2.00,1,2.00,1,3.00,1.00,1,1.00,0.00,0.00,2.00,1,2.00,0.00,0.00,0.00,0.00,,,2506,130,84.26,84.26,88.10,88.10,66.07,66.07,68.75,68.75,50.00,50.00
Greece,GRC,,,20200427,3.00,1,2.00,1,2.00,1,4.00,1,1.00,1,2.00,1,2.00,1,3.00,1.00,1,1.00,0.00,0.00,2.00,1,2.00,0.00,0.00,0.00,0.00,,,2506,130,84.26,84.26,88.10,88.10,66.07,66.07,68.75,68.75,50.00,50.00
Greece,GRC,,,20200428,3.00,1,2.00,1,2.00,1,4.00,1,1.00,1,2.00,1,2.00,1,3.00,1.00,1,1.00,0.00,0.00,2.00,1,2.00,0.00,0.00,0.00,1.00,1,,2534,136,84.26,84.26,88.10,88.10,67.86,67.86,70.83,70.83,50.00,50.00
Greece,GRC,,,20200429,3.00,1,2.00,1,2.00,1,4.00,1,1.00,1,2.00,1,2.00,1,3.00,1.00,1,1.00,0.00,0.00,2.00,1,2.00,0.00,0.00,0.00,1.00,1,,2534,136,84.26,84.26,88.10,88.10,67.86,67.86,70.83,70.83,50.00,50.00
Greece,GRC,,,20200430,3.00,1,2.00,1,2.00,1,4.00,1,1.00,1,2.00,1,2.00,1,3.00,1.00,1,1.00,0.00,0.00,2.00,1,2.00,0.00,0.00,0.00,1.00,1,,2576,139,84.26,84.26,88.10,88.10,67.86,67.86,70.83,70.83,50.00,50.00
Greece,GRC,,,20200501,3.00,1,2.00,1,2.00,1,4.00,1,1.00,1,2.00,1,2.00,1,3.00,1.00,1,1.00,0.00,0.00,2.00,1,2.00,0.00,0.00,0.00,1.00,1,,2591,140,84.26,84.26,88.10,88.10,67.86,67.86,70.83,70.83,50.00,50.00
Greece,GRC,,,20200502,3.00,1,2.00,1,2.00,1,4.00,1,1.00,1,2.00,1,2.00,1,3.00,1.00,1,1.00,0.00,0.00,2.00,1,2.00,0.00,0.00,0.00,1.00,1,,2591,140,84.26,84.26,88.10,88.10,67.86,67.86,70.83,70.83,50.00,50.00
Greece,GRC,,,20200503,3.00,1,2.00,1,2.00,1,4.00,1,1.00,1,2.00,1,2.00,1,3.00,1.00,1,1.00,0.00,0.00,2.00,1,2.00,0.00,0.00,0.00,1.00,1,,2620,143,84.26,84.26,88.10,88.10,67.86,67.86,70.83,70.83,50.00,50.00
Greece,GRC,,,20200504,3.00,1,2.00,1,2.00,1,4.00,1,1.00,1,2.00,1,2.00,0,3.00,1.00,1,1.00,0.00,0.00,2.00,1,2.00,0.00,0.00,3242505.00,2.00,1,,2626,144,81.48,81.48,84.52,84.52,67.86,67.86,70.83,70.83,50.00,50.00
Greece,GRC,,,20200505,3.00,1,1.00,1,2.00,0,3.00,1,1.00,1,2.00,1,2.00,0,3.00,1.00,1,1.00,0.00,0.00,2.00,1,2.00,0.00,0.00,0.00,2.00,1,,2632,146,72.22,72.22,78.10,78.10,61.90,61.90,63.89,63.89,50.00,50.00
Greece,GRC,,,20200506,3.00,1,1.00,1,2.00,0,3.00,1,1.00,1,2.00,1,2.00,0,3.00,1.00,1,1.00,0.00,0.00,2.00,1,2.00,0.00,2681004.00,0.00,2.00,1,,2642,146,72.22,72.22,78.10,78.10,61.90,61.90,63.89,63.89,50.00,50.00
Greece,GRC,,,20200507,3.00,1,1.00,1,2.00,0,3.00,1,1.00,1,2.00,1,2.00,0,3.00,1.00,1,1.00,0.00,0.00,2.00,1,2.00,0.00,0.00,0.00,2.00,1,,2663,147,72.22,72.22,78.10,78.10,61.90,61.90,63.89,63.89,50.00,50.00
Greece,GRC,,,20200508,3.00,1,1.00,1,2.00,0,3.00,1,1.00,1,2.00,1,2.00,0,3.00,1.00,1,1.00,0.00,0.00,2.00,1,2.00,0.00,0.00,0.00,2.00,1,,2678,148,72.22,72.22,78.10,78.10,61.90,61.90,63.89,63.89,50.00,50.00
Greece,GRC,,,20200509,3.00,1,1.00,1,2.00,0,3.00,1,1.00,1,2.00,1,2.00,0,3.00,1.00,1,1.00,0.00,0.00,2.00,1,2.00,0.00,0.00,0.00,2.00,1,,2691,150,72.22,72.22,78.10,78.10,61.90,61.90,63.89,63.89,50.00,50.00
Greece,GRC,,,20200510,3.00,1,1.00,1,2.00,0,3.00,1,1.00,1,2.00,1,2.00,0,3.00,1.00,1,1.00,0.00,0.00,2.00,1,2.00,0.00,0.00,0.00,2.00,1,,2710,151,72.22,72.22,78.10,78.10,61.90,61.90,63.89,63.89,50.00,50.00
Greece,GRC,,,20200511,2.00,1,1.00,1,2.00,0,3.00,1,1.00,1,2.00,1,2.00,0,3.00,1.00,1,1.00,0.00,0.00,2.00,1,2.00,0.00,0.00,0.00,2.00,1,,2716,151,68.52,68.52,74.52,74.52,59.52,59.52,61.11,61.11,50.00,50.00
Greece,GRC,,,20200512,2.00,1,1.00,1,2.00,0,3.00,1,1.00,1,2.00,1,2.00,0,3.00,1.00,1,1.00,0.00,0.00,2.00,1,2.00,0.00,0.00,0.00,2.00,1,,2726,151,68.52,68.52,74.52,74.52,59.52,59.52,61.11,61.11,50.00,50.00
Greece,GRC,,,20200513,2.00,1,1.00,1,2.00,0,3.00,1,1.00,1,2.00,1,2.00,0,3.00,1.00,1,1.00,0.00,0.00,2.00,1,2.00,0.00,0.00,0.00,2.00,1,,2744,152,68.52,68.52,74.52,74.52,59.52,59.52,61.11,61.11,50.00,50.00
Greece,GRC,,,20200514,2.00,1,1.00,1,2.00,0,3.00,1,1.00,1,2.00,1,2.00,0,3.00,1.00,1,1.00,0.00,0.00,2.00,1,2.00,0.00,0.00,0.00,2.00,1,,2760,155,68.52,68.52,74.52,74.52,59.52,59.52,61.11,61.11,50.00,50.00
Greece,GRC,,,20200515,2.00,1,1.00,1,2.00,0,3.00,1,1.00,1,2.00,1,2.00,0,3.00,1.00,1,1.00,0.00,0.00,2.00,1,2.00,0.00,0.00,0.00,2.00,1,,2770,156,68.52,68.52,74.52,74.52,59.52,59.52,61.11,61.11,50.00,50.00
Greece,GRC,,,20200516,2.00,1,1.00,1,2.00,0,3.00,1,1.00,1,2.00,1,2.00,0,3.00,1.00,1,1.00,0.00,0.00,2.00,1,2.00,0.00,0.00,0.00,2.00,1,,2810,160,68.52,68.52,74.52,74.52,59.52,59.52,61.11,61.11,50.00,50.00
Greece,GRC,,,20200517,2.00,1,1.00,1,2.00,0,3.00,1,1.00,1,2.00,1,2.00,0,3.00,1.00,1,1.00,0.00,0.00,2.00,1,2.00,0.00,0.00,0.00,2.00,1,,2819,162,68.52,68.52,74.52,74.52,59.52,59.52,61.11,61.11,50.00,50.00
Greece,GRC,,,20200518,2.00,1,1.00,1,2.00,0,3.00,1,1.00,1,2.00,1,2.00,0,3.00,1.00,1,1.00,0.00,0.00,2.00,1,2.00,0.00,0.00,0.00,2.00,1,,2834,163,68.52,68.52,74.52,74.52,59.52,59.52,61.11,61.11,50.00,50.00
Greece,GRC,,,20200519,2.00,1,1.00,1,2.00,0,3.00,1,1.00,1,2.00,1,2.00,0,3.00,1.00,1,1.00,0.00,0.00,2.00,1,2.00,0.00,0.00,0.00,2.00,1,,2836,165,68.52,68.52,74.52,74.52,59.52,59.52,61.11,61.11,50.00,50.00
Greece,GRC,,,20200520,2.00,1,1.00,1,2.00,0,3.00,1,1.00,1,2.00,1,2.00,0,3.00,1.00,1,1.00,0.00,0.00,2.00,1,2.00,0.00,0.00,0.00,2.00,1,,2840,165,68.52,68.52,74.52,74.52,59.52,59.52,61.11,61.11,50.00,50.00
Greece,GRC,,,20200521,2.00,1,1.00,1,2.00,0,3.00,1,1.00,1,2.00,1,2.00,0,3.00,1.00,1,1.00,0.00,0.00,2.00,1,2.00,0.00,0.00,0.00,2.00,1,,2850,166,68.52,68.52,74.52,74.52,59.52,59.52,61.11,61.11,50.00,50.00
Greece,GRC,,,20200522,2.00,1,1.00,1,2.00,0,3.00,1,1.00,1,2.00,1,2.00,0,3.00,1.00,1,1.00,0.00,0.00,2.00,1,2.00,0.00,0.00,0.00,2.00,1,,2853,168,68.52,68.52,74.52,74.52,59.52,59.52,61.11,61.11,50.00,50.00
Greece,GRC,,,20200523,2.00,1,1.00,1,2.00,0,3.00,1,1.00,1,2.00,1,2.00,0,3.00,1.00,1,1.00,0.00,0.00,2.00,1,2.00,0.00,0.00,0.00,2.00,1,,2873,169,68.52,68.52,74.52,74.52,59.52,59.52,61.11,61.11,50.00,50.00
Greece,GRC,,,20200524,2.00,1,1.00,1,2.00,0,3.00,1,1.00,1,2.00,1,2.00,0,3.00,1.00,1,1.00,0.00,0.00,2.00,1,2.00,0.00,0.00,0.00,2.00,1,,2876,171,68.52,68.52,74.52,74.52,59.52,59.52,61.11,61.11,50.00,50.00
Greece,GRC,,,20200525,2.00,1,1.00,1,2.00,0,3.00,1,1.00,1,2.00,1,2.00,0,3.00,1.00,1,1.00,0.00,0.00,2.00,1,2.00,0.00,0.00,0.00,2.00,1,,2878,171,68.52,68.52,74.52,74.52,59.52,59.52,61.11,61.11,50.00,50.00
Greece,GRC,,,20200526,2.00,1,1.00,1,2.00,0,3.00,1,1.00,1,2.00,1,2.00,0,3.00,1.00,1,1.00,0.00,0.00,2.00,1,2.00,0.00,0.00,0.00,2.00,1,,2882,172,68.52,68.52,74.52,74.52,59.52,59.52,61.11,61.11,50.00,50.00
Greece,GRC,,,20200527,2.00,1,1.00,1,2.00,0,3.00,1,1.00,1,2.00,1,2.00,0,3.00,1.00,1,1.00,0.00,0.00,2.00,1,2.00,0.00,0.00,0.00,2.00,1,,2892,173,68.52,68.52,74.52,74.52,59.52,59.52,61.11,61.11,50.00,50.00
Greece,GRC,,,20200528,2.00,1,1.00,1,2.00,0,3.00,1,1.00,1,2.00,1,2.00,0,3.00,1.00,1,1.00,0.00,0.00,2.00,1,2.00,0.00,0.00,0.00,2.00,1,,2903,173,68.52,68.52,74.52,74.52,59.52,59.52,61.11,61.11,50.00,50.00
Greece,GRC,,,20200529,2.00,1,1.00,1,2.00,0,3.00,1,1.00,1,2.00,1,2.00,0,3.00,1.00,1,1.00,0.00,0.00,2.00,1,2.00,0.00,0.00,0.00,2.00,1,,2906,175,68.52,68.52,74.52,74.52,59.52,59.52,61.11,61.11,50.00,50.00
Greece,GRC,,,20200530,2.00,1,1.00,1,2.00,0,3.00,1,1.00,1,1.00,1,1.00,1,3.00,1.00,1,1.00,0.00,0.00,2.00,1,2.00,2.00,0.00,0.00,2.00,1,,2909,175,62.04,62.04,73.33,73.33,62.50,62.50,64.58,64.58,50.00,50.00
Greece,GRC,,,20200531,2.00,1,1.00,1,2.00,0,3.00,1,1.00,1,1.00,1,1.00,1,3.00,1.00,1,1.00,0.00,0.00,2.00,1,2.00,2.00,0.00,0.00,2.00,1,,2915,175,62.04,62.04,73.33,73.33,62.50,62.50,64.58,64.58,50.00,50.00
Greece,GRC,,,20200601,1.00,1,0.00,,2.00,0,3.00,1,1.00,1,1.00,1,1.00,1,3.00,2.00,0,1.00,0.00,0.00,2.00,1,2.00,2.00,0.00,0.00,2.00,1,,2917,175,54.63,54.63,62.62,62.62,59.52,59.52,59.03,59.03,62.50,62.50
Greece,GRC,,,20200602,1.00,1,0.00,,2.00,0,3.00,1,1.00,1,1.00,1,1.00,1,3.00,2.00,0,1.00,0.00,0.00,2.00,1,2.00,2.00,0.00,0.00,2.00,1,,2918,179,54.63,54.63,62.62,62.62,59.52,59.52,59.03,59.03,62.50,62.50
Greece,GRC,,,20200603,1.00,1,0.00,,2.00,0,3.00,1,1.00,1,1.00,1,1.00,1,3.00,2.00,0,1.00,0.00,0.00,2.00,1,2.00,2.00,0.00,0.00,2.00,1,,2937,179,54.63,54.63,62.62,62.62,59.52,59.52,59.03,59.03,62.50,62.50
Greece,GRC,,,20200604,1.00,1,0.00,,2.00,0,3.00,1,1.00,1,1.00,1,1.00,1,3.00,2.00,0,1.00,0.00,0.00,2.00,1,2.00,2.00,0.00,0.00,2.00,1,,2937,179,54.63,54.63,62.62,62.62,59.52,59.52,59.03,59.03,62.50,62.50
Greece,GRC,,,20200605,1.00,1,0.00,,2.00,0,3.00,1,1.00,1,1.00,1,1.00,1,3.00,2.00,0,1.00,0.00,0.00,2.00,1,2.00,2.00,0.00,0.00,2.00,1,,2952,180,54.63,54.63,62.62,62.62,59.52,59.52,59.03,59.03,62.50,62.50
Greece,GRC,,,20200606,1.00,1,0.00,,2.00,0,3.00,1,1.00,1,1.00,1,1.00,1,3.00,2.00,0,1.00,0.00,0.00,2.00,1,2.00,2.00,0.00,0.00,2.00,1,,2967,180,54.63,54.63,62.62,62.62,59.52,59.52,59.03,59.03,62.50,62.50
Greece,GRC,,,20200607,1.00,1,0.00,,2.00,0,3.00,1,1.00,1,1.00,1,1.00,1,3.00,2.00,0,1.00,0.00,0.00,2.00,1,2.00,2.00,0.00,0.00,2.00,1,,2980,180,54.63,54.63,62.62,62.62,59.52,59.52,59.03,59.03,62.50,62.50
Greece,GRC,,,20200608,1.00,1,0.00,,2.00,0,3.00,1,1.00,1,1.00,1,1.00,1,3.00,2.00,0,1.00,0.00,0.00,2.00,1,2.00,2.00,0.00,0.00,2.00,1,,2997,180,54.63,54.63,62.62,62.62,59.52,59.52,59.03,59.03,62.50,62.50
Greece,GRC,,,20200609,1.00,1,0.00,,2.00,0,3.00,1,1.00,1,1.00,1,1.00,1,3.00,2.00,0,1.00,0.00,0.00,2.00,1,2.00,2.00,0.00,0.00,2.00,1,,3049,182,54.63,54.63,62.62,62.62,59.52,59.52,59.03,59.03,62.50,62.50
Greece,GRC,,,20200610,1.00,1,0.00,,2.00,0,3.00,1,1.00,1,1.00,1,1.00,1,3.00,2.00,0,1.00,0.00,0.00,2.00,1,2.00,2.00,0.00,0.00,2.00,1,,3058,183,54.63,54.63,62.62,62.62,59.52,59.52,59.03,59.03,62.50,62.50
Greece,GRC,,,20200611,1.00,1,0.00,,2.00,0,3.00,1,1.00,1,1.00,1,1.00,1,3.00,2.00,0,1.00,0.00,0.00,2.00,1,2.00,2.00,0.00,0.00,2.00,1,,3068,183,54.63,54.63,62.62,62.62,59.52,59.52,59.03,59.03,62.50,62.50
Greece,GRC,,,20200612,1.00,1,0.00,,2.00,0,3.00,1,1.00,1,1.00,1,1.00,1,3.00,2.00,0,1.00,0.00,0.00,2.00,1,2.00,2.00,0.00,0.00,2.00,1,,3088,183,54.63,54.63,62.62,62.62,59.52,59.52,59.03,59.03,62.50,62.50
Greece,GRC,,,20200613,1.00,1,0.00,,2.00,0,3.00,1,1.00,1,1.00,1,1.00,1,3.00,2.00,0,1.00,0.00,0.00,2.00,1,2.00,2.00,0.00,0.00,2.00,1,,3108,183,54.63,54.63,62.62,62.62,59.52,59.52,59.03,59.03,62.50,62.50
Greece,GRC,,,20200614,1.00,1,0.00,,2.00,0,3.00,1,1.00,1,1.00,1,1.00,1,3.00,2.00,0,1.00,0.00,0.00,2.00,1,2.00,2.00,0.00,0.00,2.00,1,,3112,183,54.63,54.63,62.62,62.62,59.52,59.52,59.03,59.03,62.50,62.50
Greece,GRC,,,20200615,1.00,1,0.00,,0.00,,3.00,1,1.00,1,1.00,1,1.00,1,1.00,2.00,0,1.00,0.00,0.00,2.00,1,2.00,2.00,0.00,0.00,2.00,1,,3121,183,40.74,40.74,55.48,55.48,50.60,50.60,48.61,48.61,62.50,62.50
Greece,GRC,,,20200616,1.00,1,0.00,,0.00,,3.00,1,1.00,1,1.00,1,1.00,1,1.00,2.00,0,1.00,0.00,0.00,2.00,1,2.00,2.00,0.00,0.00,2.00,1,,3134,184,40.74,40.74,55.48,55.48,50.60,50.60,48.61,48.61,62.50,62.50
Greece,GRC,,,20200617,1.00,1,0.00,,0.00,,3.00,1,1.00,1,1.00,1,1.00,1,1.00,2.00,0,1.00,0.00,0.00,2.00,1,2.00,2.00,0.00,0.00,2.00,1,,3148,185,40.74,40.74,55.48,55.48,50.60,50.60,48.61,48.61,62.50,62.50
Greece,GRC,,,20200618,1.00,1,0.00,,0.00,,3.00,1,1.00,1,1.00,1,1.00,1,1.00,2.00,0,1.00,0.00,0.00,2.00,1,2.00,2.00,0.00,0.00,2.00,1,,3203,187,40.74,40.74,55.48,55.48,50.60,50.60,48.61,48.61,62.50,62.50
Greece,GRC,,,20200619,1.00,1,0.00,,0.00,,3.00,1,1.00,1,1.00,1,1.00,1,1.00,2.00,0,1.00,0.00,0.00,2.00,1,2.00,2.00,0.00,0.00,2.00,1,,3227,188,40.74,40.74,55.48,55.48,50.60,50.60,48.61,48.61,62.50,62.50
Greece,GRC,,,20200620,1.00,1,0.00,,0.00,,3.00,1,1.00,1,1.00,1,1.00,1,1.00,2.00,0,1.00,0.00,0.00,2.00,1,2.00,2.00,0.00,0.00,2.00,1,,3237,189,40.74,40.74,55.48,55.48,50.60,50.60,48.61,48.61,62.50,62.50
Greece,GRC,,,20200621,1.00,1,0.00,,0.00,,3.00,1,1.00,1,1.00,1,1.00,1,1.00,2.00,0,1.00,0.00,0.00,2.00,1,2.00,2.00,0.00,0.00,2.00,1,,3256,190,40.74,40.74,55.48,55.48,50.60,50.60,48.61,48.61,62.50,62.50
Greece,GRC,,,20200622,3.00,0,0.00,,0.00,,3.00,1,1.00,1,1.00,1,1.00,1,1.00,2.00,0,1.00,0.00,0.00,2.00,1,2.00,2.00,0.00,0.00,2.00,1,,3266,190,46.30,46.30,59.05,59.05,54.17,54.17,52.78,52.78,62.50,62.50
Greece,GRC,,,20200623,3.00,0,0.00,,0.00,,3.00,1,1.00,1,1.00,1,1.00,1,1.00,2.00,0,1.00,0.00,0.00,2.00,1,3.00,2.00,0.00,0.00,2.00,1,,3287,190,46.30,46.30,59.05,59.05,56.55,56.55,55.56,55.56,62.50,62.50
Greece,GRC,,,20200624,3.00,0,0.00,,0.00,,3.00,1,1.00,1,1.00,1,1.00,1,1.00,2.00,0,1.00,0.00,0.00,2.00,1,3.00,2.00,0.00,0.00,2.00,1,,3302,190,46.30,46.30,59.05,59.05,56.55,56.55,55.56,55.56,62.50,62.50
Greece,GRC,,,20200625,3.00,0,0.00,,0.00,,3.00,1,1.00,1,1.00,1,1.00,1,1.00,2.00,0,1.00,3758517.89,0.00,2.00,1,3.00,2.00,0.00,0.00,2.00,1,,3310,190,46.30,46.30,59.05,59.05,56.55,56.55,55.56,55.56,62.50,62.50
Greece,GRC,,,20200626,3.00,0,0.00,,0.00,,3.00,1,1.00,1,1.00,1,1.00,1,1.00,2.00,0,1.00,0.00,0.00,2.00,1,3.00,2.00,0.00,0.00,2.00,1,,3321,191,46.30,46.30,59.05,59.05,56.55,56.55,55.56,55.56,62.50,62.50
Greece,GRC,,,20200627,1.00,1,0.00,,0.00,,3.00,1,1.00,1,1.00,1,1.00,1,1.00,2.00,0,1.00,0.00,0.00,2.00,1,3.00,2.00,0.00,0.00,2.00,1,,3343,191,40.74,40.74,55.48,55.48,52.98,52.98,51.39,51.39,62.50,62.50
Greece,GRC,,,20200628,1.00,1,0.00,,0.00,,3.00,1,1.00,1,1.00,1,1.00,1,1.00,2.00,0,1.00,0.00,0.00,2.00,1,3.00,2.00,0.00,0.00,2.00,1,,3366,191,40.74,40.74,55.48,55.48,52.98,52.98,51.39,51.39,62.50,62.50
Greece,GRC,,,20200629,1.00,1,0.00,,0.00,,3.00,1,1.00,1,1.00,1,1.00,1,1.00,2.00,0,1.00,0.00,0.00,2.00,1,3.00,2.00,0.00,0.00,2.00,1,,3376,191,40.74,40.74,55.48,55.48,52.98,52.98,51.39,51.39,62.50,62.50
Greece,GRC,,,20200630,1.00,1,0.00,,0.00,,3.00,1,1.00,1,1.00,1,1.00,1,1.00,2.00,0,1.00,0.00,0.00,2.00,1,3.00,2.00,0.00,0.00,2.00,1,,3390,191,40.74,40.74,55.48,55.48,52.98,52.98,51.39,51.39,62.50,62.50
Greece,GRC,,,20200701,1.00,1,0.00,,0.00,,3.00,1,1.00,1,1.00,1,1.00,1,1.00,2.00,0,1.00,0.00,0.00,2.00,1,3.00,2.00,0.00,0.00,2.00,1,,3409,192,40.74,40.74,55.48,55.48,52.98,52.98,51.39,51.39,62.50,62.50
Greece,GRC,,,20200702,1.00,1,0.00,,0.00,,3.00,1,1.00,1,1.00,1,1.00,1,3.00,2.00,0,1.00,0.00,0.00,2.00,1,3.00,2.00,0.00,0.00,2.00,1,,3432,192,46.30,46.30,62.62,62.62,56.55,56.55,55.56,55.56,62.50,62.50
Greece,GRC,,,20200703,1.00,1,0.00,,0.00,,3.00,1,1.00,1,1.00,1,1.00,1,3.00,2.00,0,1.00,0.00,0.00,2.00,1,3.00,2.00,0.00,0.00,2.00,1,,3458,192,46.30,46.30,62.62,62.62,56.55,56.55,55.56,55.56,62.50,62.50
Greece,GRC,,,20200704,1.00,1,0.00,,0.00,,3.00,1,1.00,1,1.00,1,1.00,1,3.00,2.00,0,1.00,0.00,0.00,2.00,1,3.00,2.00,0.00,0.00,2.00,1,,3486,192,46.30,46.30,62.62,62.62,56.55,56.55,55.56,55.56,62.50,62.50
Greece,GRC,,,20200705,1.00,1,0.00,,0.00,,3.00,1,1.00,1,1.00,1,1.00,1,3.00,2.00,0,1.00,0.00,0.00,2.00,1,3.00,2.00,0.00,0.00,2.00,1,,3511,192,46.30,46.30,62.62,62.62,56.55,56.55,55.56,55.56,62.50,62.50
Greece,GRC,,,20200706,1.00,1,0.00,,0.00,,3.00,1,1.00,1,1.00,1,1.00,1,3.00,2.00,0,1.00,0.00,0.00,2.00,1,3.00,2.00,0.00,0.00,2.00,1,,3519,192,46.30,46.30,62.62,62.62,56.55,56.55,55.56,55.56,62.50,62.50
Greece,GRC,,,20200707,1.00,1,0.00,,0.00,,3.00,1,1.00,1,1.00,1,1.00,1,3.00,2.00,0,1.00,0.00,0.00,2.00,1,3.00,2.00,0.00,0.00,2.00,1,,3562,192,46.30,46.30,62.62,62.62,56.55,56.55,55.56,55.56,62.50,62.50
Greece,GRC,,,20200708,1.00,1,0.00,,0.00,,3.00,1,1.00,1,1.00,1,1.00,1,3.00,2.00,0,1.00,0.00,0.00,2.00,1,3.00,2.00,0.00,0.00,2.00,1,,3589,193,46.30,46.30,62.62,62.62,56.55,56.55,55.56,55.56,62.50,62.50
Greece,GRC,,,20200709,1.00,1,0.00,,0.00,,3.00,1,1.00,1,1.00,1,1.00,1,3.00,2.00,0,1.00,0.00,0.00,2.00,1,3.00,2.00,0.00,0.00,2.00,1,,3622,193,46.30,46.30,62.62,62.62,56.55,56.55,55.56,55.56,62.50,62.50
Greece,GRC,,,20200710,1.00,1,0.00,,0.00,,3.00,1,1.00,1,1.00,1,1.00,1,3.00,2.00,0,1.00,0.00,0.00,2.00,1,3.00,2.00,0.00,0.00,2.00,1,,3672,193,46.30,46.30,62.62,62.62,56.55,56.55,55.56,55.56,62.50,62.50
Greece,GRC,,,20200711,1.00,1,0.00,,0.00,,3.00,1,1.00,1,1.00,1,1.00,1,3.00,2.00,0,1.00,0.00,0.00,2.00,1,3.00,2.00,0.00,0.00,2.00,1,,3732,193,46.30,46.30,62.62,62.62,56.55,56.55,55.56,55.56,62.50,62.50
Greece,GRC,,,20200712,1.00,1,0.00,,0.00,,3.00,1,1.00,1,1.00,1,1.00,1,3.00,2.00,0,1.00,0.00,0.00,2.00,1,3.00,2.00,0.00,0.00,2.00,1,,3772,193,46.30,46.30,62.62,62.62,56.55,56.55,55.56,55.56,62.50,62.50
Greece,GRC,,,20200713,1.00,1,0.00,,2.00,1,3.00,1,1.00,1,1.00,1,1.00,1,3.00,2.00,0,1.00,0.00,0.00,2.00,1,3.00,2.00,0.00,0.00,2.00,1,,3803,193,57.41,57.41,65.48,65.48,63.69,63.69,63.89,63.89,62.50,62.50
Greece,GRC,,,20200714,1.00,1,0.00,,2.00,1,3.00,1,1.00,1,1.00,1,1.00,1,3.00,2.00,0,1.00,0.00,0.00,2.00,1,3.00,2.00,0.00,0.00,2.00,1,,3826,193,57.41,57.41,65.48,65.48,63.69,63.69,63.89,63.89,62.50,62.50
Greece,GRC,,,20200715,1.00,1,0.00,,2.00,1,3.00,1,1.00,1,1.00,1,1.00,1,3.00,2.00,0,1.00,0.00,0.00,2.00,1,3.00,2.00,0.00,0.00,2.00,1,,3883,193,57.41,57.41,65.48,65.48,63.69,63.69,63.89,63.89,62.50,62.50
Greece,GRC,,,20200716,1.00,1,0.00,,2.00,1,3.00,1,1.00,1,1.00,1,1.00,1,3.00,2.00,0,1.00,0.00,0.00,2.00,1,3.00,2.00,0.00,0.00,2.00,1,,3910,193,57.41,57.41,65.48,65.48,63.69,63.69,63.89,63.89,62.50,62.50
Greece,GRC,,,20200717,1.00,1,0.00,,2.00,1,3.00,1,1.00,1,1.00,1,1.00,1,3.00,2.00,0,1.00,0.00,0.00,2.00,1,3.00,2.00,0.00,0.00,2.00,1,,3939,193,57.41,57.41,65.48,65.48,63.69,63.69,63.89,63.89,62.50,62.50
Greece,GRC,,,20200718,1.00,1,0.00,,2.00,1,3.00,1,1.00,1,1.00,1,1.00,1,3.00,2.00,0,1.00,0.00,0.00,2.00,1,3.00,2.00,0.00,0.00,2.00,1,,3964,194,57.41,57.41,65.48,65.48,63.69,63.69,63.89,63.89,62.50,62.50
Greece,GRC,,,20200719,1.00,1,0.00,,2.00,1,3.00,1,1.00,1,1.00,1,1.00,1,3.00,2.00,0,1.00,0.00,0.00,2.00,1,3.00,2.00,0.00,0.00,2.00,1,,3983,194,57.41,57.41,65.48,65.48,63.69,63.69,63.89,63.89,62.50,62.50
Greece,GRC,,,20200720,1.00,1,0.00,,2.00,1,3.00,1,1.00,1,1.00,1,1.00,1,3.00,2.00,0,1.00,0.00,0.00,2.00,1,3.00,2.00,0.00,0.00,2.00,1,,4007,194,57.41,57.41,65.48,65.48,63.69,63.69,63.89,63.89,62.50,62.50
Greece,GRC,,,20200721,1.00,1,0.00,,2.00,1,3.00,1,1.00,1,1.00,1,1.00,1,3.00,2.00,0,1.00,0.00,0.00,2.00,1,3.00,2.00,0.00,0.00,2.00,1,,4012,195,57.41,57.41,65.48,65.48,63.69,63.69,63.89,63.89,62.50,62.50
Greece,GRC,,,20200722,1.00,1,0.00,,2.00,1,3.00,1,1.00,1,1.00,1,1.00,1,3.00,2.00,0,1.00,0.00,0.00,2.00,1,3.00,2.00,0.00,0.00,2.00,1,,4048,197,57.41,57.41,65.48,65.48,63.69,63.69,63.89,63.89,62.50,62.50
Greece,GRC,,,20200723,1.00,1,0.00,,2.00,1,3.00,1,1.00,1,1.00,1,1.00,1,3.00,2.00,0,1.00,0.00,0.00,2.00,1,3.00,2.00,0.00,0.00,2.00,1,,4077,200,57.41,57.41,65.48,65.48,63.69,63.69,63.89,63.89,62.50,62.50
Greece,GRC,,,20200724,1.00,1,0.00,,2.00,1,3.00,1,1.00,1,1.00,1,1.00,1,3.00,2.00,0,1.00,0.00,0.00,2.00,1,3.00,2.00,0.00,0.00,2.00,1,,4110,201,57.41,57.41,65.48,65.48,63.69,63.69,63.89,63.89,62.50,62.50
Greece,GRC,,,20200725,1.00,1,0.00,,2.00,1,3.00,1,1.00,1,1.00,1,1.00,1,3.00,2.00,0,1.00,0.00,0.00,2.00,1,3.00,2.00,0.00,0.00,2.00,1,,4135,201,57.41,57.41,65.48,65.48,63.69,63.69,63.89,63.89,62.50,62.50
Greece,GRC,,,20200726,1.00,1,0.00,,2.00,1,3.00,1,1.00,1,1.00,1,1.00,1,3.00,2.00,0,1.00,0.00,0.00,2.00,1,3.00,2.00,0.00,0.00,2.00,1,,4166,201,57.41,57.41,65.48,65.48,63.69,63.69,63.89,63.89,62.50,62.50
Greece,GRC,,,20200727,1.00,1,0.00,,2.00,1,3.00,1,1.00,1,1.00,1,1.00,1,3.00,2.00,0,1.00,0.00,0.00,2.00,1,3.00,2.00,0.00,0.00,2.00,1,,4193,202,57.41,57.41,65.48,65.48,63.69,63.69,63.89,63.89,62.50,62.50
Greece,GRC,,,20200728,1.00,1,0.00,,2.00,1,3.00,1,1.00,1,1.00,1,1.00,1,3.00,2.00,0,1.00,0.00,0.00,2.00,1,3.00,2.00,0.00,0.00,2.00,1,,4227,202,57.41,57.41,65.48,65.48,63.69,63.69,63.89,63.89,62.50,62.50
Greece,GRC,,,20200729,1.00,1,0.00,,2.00,1,3.00,1,1.00,1,1.00,1,1.00,1,3.00,2.00,0,1.00,0.00,0.00,2.00,1,3.00,2.00,0.00,0.00,2.00,1,,4279,203,57.41,57.41,65.48,65.48,63.69,63.69,63.89,63.89,62.50,62.50
Greece,GRC,,,20200730,1.00,1,0.00,,2.00,1,3.00,1,1.00,1,1.00,1,1.00,1,3.00,2.00,0,1.00,0.00,0.00,2.00,1,3.00,2.00,0.00,0.00,2.00,1,,4336,203,57.41,57.41,65.48,65.48,63.69,63.69,63.89,63.89,62.50,62.50
Greece,GRC,,,20200731,1.00,1,0.00,,2.00,1,3.00,1,1.00,1,1.00,1,1.00,1,3.00,2.00,0,1.00,0.00,0.00,2.00,1,3.00,2.00,0.00,0.00,2.00,1,,4401,203,57.41,57.41,65.48,65.48,63.69,63.69,63.89,63.89,62.50,62.50
Greece,GRC,,,20200801,1.00,1,0.00,,0.00,,3.00,1,1.00,1,1.00,1,1.00,1,3.00,2.00,0,1.00,0.00,0.00,2.00,1,3.00,2.00,0.00,0.00,2.00,1,,4477,206,46.30,46.30,62.62,62.62,56.55,56.55,55.56,55.56,62.50,62.50
Greece,GRC,,,20200802,1.00,1,0.00,,0.00,,3.00,1,1.00,1,1.00,1,1.00,1,3.00,2.00,0,1.00,0.00,0.00,2.00,1,3.00,2.00,0.00,0.00,2.00,1,,4587,206,46.30,46.30,62.62,62.62,56.55,56.55,55.56,55.56,62.50,62.50
Greece,GRC,,,20200803,1.00,1,0.00,,0.00,,3.00,1,1.00,1,1.00,1,1.00,1,3.00,2.00,0,1.00,0.00,0.00,2.00,1,3.00,2.00,0.00,0.00,2.00,1,,4662,208,46.30,46.30,62.62,62.62,56.55,56.55,55.56,55.56,62.50,62.50
Greece,GRC,,,20200804,1.00,1,0.00,,0.00,,3.00,1,1.00,1,1.00,1,1.00,1,3.00,2.00,0,2.00,0.00,0.00,2.00,1,3.00,2.00,0.00,0.00,2.00,1,,4737,209,46.30,46.30,62.62,62.62,60.12,60.12,55.56,55.56,87.50,87.50
Greece,GRC,,,20200805,1.00,1,0.00,,0.00,,3.00,1,1.00,1,1.00,1,1.00,1,3.00,2.00,0,2.00,0.00,0.00,2.00,1,3.00,2.00,0.00,0.00,2.00,1,,4855,209,46.30,46.30,62.62,62.62,60.12,60.12,55.56,55.56,87.50,87.50
Greece,GRC,,,20200806,1.00,1,0.00,,0.00,,3.00,1,1.00,1,1.00,1,1.00,1,3.00,2.00,0,2.00,0.00,0.00,2.00,1,3.00,2.00,0.00,0.00,2.00,1,,4973,210,46.30,46.30,62.62,62.62,60.12,60.12,55.56,55.56,87.50,87.50
Greece,GRC,,,20200807,1.00,1,0.00,,0.00,,3.00,1,1.00,1,1.00,1,1.00,1,3.00,2.00,0,2.00,0.00,0.00,2.00,1,3.00,2.00,0.00,0.00,2.00,1,,5123,210,46.30,46.30,62.62,62.62,60.12,60.12,55.56,55.56,87.50,87.50
Greece,GRC,,,20200808,1.00,1,0.00,,0.00,,3.00,1,1.00,1,1.00,1,1.00,1,3.00,2.00,0,2.00,0.00,0.00,2.00,1,3.00,2.00,0.00,0.00,2.00,1,,5270,210,46.30,46.30,62.62,62.62,60.12,60.12,55.56,55.56,87.50,87.50
Greece,GRC,,,20200809,1.00,1,0.00,,0.00,,3.00,1,1.00,1,1.00,1,1.00,1,3.00,2.00,0,2.00,0.00,0.00,2.00,1,3.00,2.00,0.00,0.00,2.00,1,,5421,211,46.30,46.30,62.62,62.62,60.12,60.12,55.56,55.56,87.50,87.50
Greece,GRC,,,20200810,1.00,1,0.00,,0.00,,3.00,1,1.00,1,1.00,1,1.00,1,3.00,2.00,0,2.00,0.00,0.00,2.00,1,3.00,2.00,0.00,0.00,2.00,1,,5623,212,46.30,46.30,62.62,62.62,60.12,60.12,55.56,55.56,87.50,87.50
Greece,GRC,,,20200811,1.00,1,0.00,,0.00,,3.00,1,1.00,1,1.00,1,1.00,1,3.00,2.00,0,2.00,0.00,0.00,2.00,1,3.00,2.00,0.00,0.00,2.00,1,,5749,213,46.30,46.30,62.62,62.62,60.12,60.12,55.56,55.56,87.50,87.50
Greece,GRC,,,20200812,1.00,1,0.00,,0.00,,3.00,1,1.00,1,1.00,1,1.00,1,3.00,2.00,0,2.00,0.00,0.00,2.00,1,3.00,2.00,0.00,0.00,2.00,1,,5942,214,46.30,46.30,62.62,62.62,60.12,60.12,55.56,55.56,87.50,87.50
Greece,GRC,,,20200813,1.00,1,0.00,,2.00,1,3.00,1,1.00,1,1.00,1,1.00,1,3.00,2.00,0,2.00,0.00,0.00,2.00,1,3.00,2.00,0.00,0.00,2.00,1,,6177,216,57.41,57.41,65.48,65.48,67.26,67.26,63.89,63.89,87.50,87.50
Greece,GRC,,,20200814,1.00,1,0.00,,2.00,1,3.00,1,1.00,1,1.00,1,1.00,1,3.00,2.00,0,2.00,0.00,0.00,2.00,1,3.00,2.00,0.00,0.00,2.00,1,,6381,221,57.41,57.41,65.48,65.48,67.26,67.26,63.89,63.89,87.50,87.50
Greece,GRC,,,20200815,1.00,1,0.00,,2.00,1,3.00,1,1.00,1,1.00,1,1.00,1,3.00,2.00,0,2.00,0.00,0.00,2.00,1,3.00,2.00,0.00,0.00,2.00,1,,6632,223,57.41,57.41,65.48,65.48,67.26,67.26,63.89,63.89,87.50,87.50
Greece,GRC,,,20200816,1.00,1,0.00,,2.00,1,3.00,1,1.00,1,1.00,1,1.00,1,3.00,2.00,0,2.00,0.00,0.00,2.00,1,3.00,2.00,0.00,0.00,2.00,1,,6858,226,57.41,57.41,65.48,65.48,67.26,67.26,63.89,63.89,87.50,87.50
Greece,GRC,,,20200817,1.00,1,0.00,,2.00,1,3.00,0,1.00,1,1.00,1,1.00,1,3.00,2.00,0,2.00,0.00,0.00,2.00,1,3.00,2.00,0.00,0.00,2.00,1,,7075,228,56.02,56.02,65.48,65.48,66.37,66.37,62.85,62.85,87.50,87.50
Greece,GRC,,,20200818,1.00,1,0.00,,2.00,1,3.00,0,1.00,1,1.00,1,1.00,1,3.00,2.00,0,2.00,0.00,0.00,2.00,1,3.00,2.00,0.00,0.00,2.00,1,,7222,230,56.02,56.02,65.48,65.48,66.37,66.37,62.85,62.85,87.50,87.50
Greece,GRC,,,20200819,1.00,1,0.00,,2.00,1,3.00,0,1.00,1,1.00,1,1.00,1,3.00,2.00,0,2.00,0.00,0.00,2.00,1,3.00,2.00,0.00,0.00,2.00,1,,7472,232,56.02,56.02,65.48,65.48,66.37,66.37,62.85,62.85,87.50,87.50
Greece,GRC,,,20200820,1.00,1,0.00,,2.00,1,3.00,0,1.00,1,1.00,1,1.00,1,3.00,2.00,0,2.00,0.00,0.00,2.00,1,3.00,2.00,0.00,0.00,2.00,1,,7684,235,56.02,56.02,65.48,65.48,66.37,66.37,62.85,62.85,87.50,87.50
Greece,GRC,,,20200821,1.00,1,0.00,,2.00,1,3.00,0,1.00,1,1.00,1,1.00,1,3.00,2.00,0,2.00,0.00,0.00,2.00,1,3.00,2.00,0.00,0.00,2.00,1,,7934,235,56.02,56.02,65.48,65.48,66.37,66.37,62.85,62.85,87.50,87.50
Greece,GRC,,,20200822,1.00,1,0.00,,2.00,1,3.00,0,1.00,1,1.00,1,1.00,1,3.00,2.00,0,2.00,0.00,0.00,2.00,1,3.00,2.00,0.00,0.00,2.00,1,,8138,238,56.02,56.02,65.48,65.48,66.37,66.37,62.85,62.85,87.50,87.50
Greece,GRC,,,20200823,1.00,1,0.00,,2.00,1,3.00,0,1.00,1,1.00,1,1.00,1,3.00,2.00,0,2.00,0.00,0.00,2.00,1,3.00,2.00,0.00,0.00,2.00,1,,8381,240,56.02,56.02,65.48,65.48,66.37,66.37,62.85,62.85,87.50,87.50
Greece,GRC,,,20200824,1.00,1,0.00,,2.00,1,3.00,0,1.00,1,1.00,1,1.00,1,3.00,2.00,0,2.00,0.00,0.00,2.00,1,3.00,2.00,0.00,0.00,2.00,1,,8664,242,56.02,56.02,65.48,65.48,66.37,66.37,62.85,62.85,87.50,87.50
Greece,GRC,,,20200825,1.00,1,0.00,,2.00,1,3.00,0,1.00,1,1.00,1,1.00,1,3.00,2.00,0,2.00,0.00,0.00,2.00,1,3.00,2.00,0.00,0.00,2.00,1,,8819,242,56.02,56.02,65.48,65.48,66.37,66.37,62.85,62.85,87.50,87.50
Greece,GRC,,,20200826,1.00,1,0.00,,2.00,1,3.00,0,1.00,1,1.00,1,1.00,1,3.00,2.00,0,2.00,0.00,0.00,2.00,1,3.00,2.00,0.00,0.00,2.00,1,,8987,243,56.02,56.02,65.48,65.48,66.37,66.37,62.85,62.85,87.50,87.50
Greece,GRC,,,20200827,1.00,1,0.00,,2.00,1,3.00,0,1.00,1,1.00,1,1.00,1,3.00,2.00,0,2.00,0.00,0.00,2.00,1,3.00,2.00,0.00,0.00,2.00,1,,9280,248,56.02,56.02,65.48,65.48,66.37,66.37,62.85,62.85,87.50,87.50
Greece,GRC,,,20200828,1.00,1,0.00,,2.00,1,3.00,0,1.00,1,1.00,1,1.00,1,3.00,2.00,0,2.00,0.00,0.00,2.00,1,3.00,2.00,0.00,0.00,2.00,1,,9531,254,56.02,56.02,65.48,65.48,66.37,66.37,62.85,62.85,87.50,87.50
Greece,GRC,,,20200829,1.00,1,0.00,,2.00,1,3.00,0,1.00,1,1.00,1,1.00,1,3.00,2.00,0,2.00,0.00,0.00,2.00,1,3.00,2.00,0.00,0.00,2.00,1,,9800,259,56.02,56.02,65.48,65.48,66.37,66.37,62.85,62.85,87.50,87.50
Greece,GRC,,,20200830,1.00,1,0.00,,2.00,1,3.00,0,1.00,1,1.00,1,1.00,1,3.00,2.00,0,2.00,0.00,0.00,2.00,1,3.00,2.00,0.00,0.00,2.00,1,,9977,260,56.02,56.02,65.48,65.48,66.37,66.37,62.85,62.85,87.50,87.50
Greece,GRC,,,20200831,1.00,1,0.00,,2.00,1,3.00,0,1.00,1,1.00,1,1.00,1,3.00,2.00,0,2.00,0.00,0.00,2.00,1,3.00,2.00,0.00,0.00,2.00,1,,10134,262,56.02,56.02,65.48,65.48,66.37,66.37,62.85,62.85,87.50,87.50
Greece,GRC,,,20200901,1.00,1,0.00,,2.00,1,3.00,0,1.00,1,1.00,1,1.00,1,3.00,2.00,0,2.00,0.00,0.00,2.00,1,3.00,2.00,0.00,0.00,2.00,1,,10317,266,56.02,56.02,65.48,65.48,66.37,66.37,62.85,62.85,87.50,87.50
Greece,GRC,,,20200902,1.00,1,0.00,,2.00,1,3.00,0,1.00,1,1.00,1,1.00,1,3.00,2.00,0,2.00,0.00,0.00,2.00,1,3.00,2.00,0.00,0.00,2.00,1,,10524,271,56.02,56.02,65.48,65.48,66.37,66.37,62.85,62.85,87.50,87.50
Greece,GRC,,,20200903,1.00,1,0.00,,2.00,1,3.00,0,1.00,1,1.00,1,1.00,1,3.00,2.00,0,2.00,0.00,0.00,2.00,1,3.00,2.00,0.00,0.00,2.00,1,,10757,273,56.02,56.02,65.48,65.48,66.37,66.37,62.85,62.85,87.50,87.50
Greece,GRC,,,20200904,1.00,1,0.00,,2.00,1,3.00,0,1.00,1,1.00,1,1.00,1,3.00,2.00,0,2.00,0.00,0.00,2.00,1,3.00,2.00,0.00,0.00,2.00,1,,10998,278,56.02,56.02,65.48,65.48,66.37,66.37,62.85,62.85,87.50,87.50
Greece,GRC,,,20200905,1.00,1,0.00,,2.00,1,3.00,0,1.00,1,1.00,1,1.00,1,3.00,2.00,0,2.00,0.00,0.00,2.00,1,3.00,2.00,0.00,0.00,2.00,1,,11200,279,56.02,56.02,65.48,65.48,66.37,66.37,62.85,62.85,87.50,87.50
Greece,GRC,,,20200906,1.00,1,0.00,,2.00,1,3.00,0,1.00,1,1.00,1,1.00,1,3.00,2.00,0,2.00,0.00,0.00,2.00,1,3.00,2.00,0.00,0.00,2.00,1,,11386,280,56.02,56.02,65.48,65.48,66.37,66.37,62.85,62.85,87.50,87.50
Greece,GRC,,,20200907,1.00,1,0.00,,2.00,1,3.00,0,1.00,1,1.00,1,1.00,1,3.00,2.00,0,2.00,0.00,0.00,2.00,1,3.00,2.00,0.00,0.00,2.00,1,,11524,284,56.02,56.02,65.48,65.48,66.37,66.37,62.85,62.85,87.50,87.50
Greece,GRC,,,20200908,3.00,1,0.00,,2.00,1,3.00,1,1.00,1,1.00,1,1.00,1,3.00,2.00,0,2.00,0.00,0.00,2.00,1,3.00,2.00,0.00,0.00,2.00,1,,11663,289,64.81,64.81,72.62,72.62,72.02,72.02,69.44,69.44,87.50,87.50
Greece,GRC,,,20200909,3.00,1,0.00,,2.00,1,3.00,1,1.00,1,1.00,1,1.00,1,3.00,2.00,0,2.00,0.00,0.00,2.00,1,3.00,2.00,0.00,0.00,2.00,1,,11832,290,64.81,64.81,72.62,72.62,72.02,72.02,69.44,69.44,87.50,87.50
Greece,GRC,,,20200910,3.00,1,0.00,,2.00,1,3.00,1,1.00,1,1.00,1,1.00,1,3.00,2.00,0,2.00,0.00,0.00,2.00,1,3.00,2.00,0.00,0.00,2.00,1,,12080,293,64.81,64.81,72.62,72.62,72.02,72.02,69.44,69.44,87.50,87.50
Greece,GRC,,,20200911,3.00,1,0.00,,2.00,1,3.00,1,1.00,1,1.00,1,1.00,1,3.00,2.00,0,2.00,0.00,0.00,2.00,1,3.00,2.00,0.00,0.00,2.00,1,,12452,297,64.81,64.81,72.62,72.62,72.02,72.02,69.44,69.44,87.50,87.50
Greece,GRC,,,20200912,3.00,1,0.00,,2.00,1,3.00,1,1.00,1,1.00,1,1.00,1,3.00,2.00,0,2.00,0.00,0.00,2.00,1,3.00,2.00,0.00,0.00,2.00,1,,12734,300,64.81,64.81,72.62,72.62,72.02,72.02,69.44,69.44,87.50,87.50
Greece,GRC,,,20200913,3.00,1,0.00,,2.00,1,3.00,1,1.00,1,1.00,1,1.00,1,3.00,2.00,0,2.00,0.00,0.00,2.00,1,3.00,2.00,0.00,0.00,2.00,1,,13036,302,64.81,64.81,72.62,72.62,72.02,72.02,69.44,69.44,87.50,87.50
Greece,GRC,,,20200914,0.00,,0.00,,2.00,1,3.00,1,1.00,1,1.00,1,1.00,1,3.00,2.00,0,2.00,0.00,0.00,2.00,1,3.00,2.00,0.00,0.00,2.00,1,,13240,305,53.70,53.70,58.33,58.33,64.88,64.88,61.11,61.11,87.50,87.50
Greece,GRC,,,20200915,0.00,,0.00,,2.00,1,3.00,1,1.00,1,1.00,1,1.00,1,3.00,2.00,0,2.00,0.00,0.00,2.00,1,3.00,2.00,0.00,0.00,2.00,1,,13420,310,53.70,53.70,58.33,58.33,64.88,64.88,61.11,61.11,87.50,87.50
Greece,GRC,,,20200916,0.00,,0.00,,2.00,1,3.00,1,1.00,1,1.00,1,1.00,1,3.00,2.00,0,2.00,0.00,0.00,2.00,1,3.00,2.00,0.00,0.00,2.00,1,,13730,313,53.70,53.70,58.33,58.33,64.88,64.88,61.11,61.11,87.50,87.50
Greece,GRC,,,20200917,0.00,,0.00,,2.00,1,3.00,1,1.00,1,1.00,1,1.00,1,3.00,2.00,0,2.00,0.00,0.00,2.00,1,3.00,2.00,0.00,0.00,2.00,1,,14041,316,53.70,53.70,58.33,58.33,64.88,64.88,61.11,61.11,87.50,87.50
Greece,GRC,,,20200918,0.00,,0.00,,2.00,1,3.00,1,1.00,1,1.00,1,1.00,0,3.00,2.00,0,2.00,0.00,0.00,2.00,1,3.00,2.00,0.00,0.00,2.00,1,,14400,325,50.93,50.93,55.95,55.95,63.10,63.10,59.03,59.03,87.50,87.50
Greece,GRC,,,20200919,0.00,,0.00,,2.00,1,3.00,1,1.00,1,1.00,1,1.00,0,3.00,2.00,0,2.00,0.00,0.00,2.00,1,3.00,2.00,0.00,0.00,2.00,1,,14738,327,50.93,50.93,55.95,55.95,63.10,63.10,59.03,59.03,87.50,87.50
Greece,GRC,,,20200920,0.00,,0.00,,2.00,1,3.00,1,1.00,1,1.00,1,1.00,0,3.00,2.00,0,2.00,0.00,0.00,2.00,1,3.00,2.00,0.00,0.00,2.00,1,,14978,331,50.93,50.93,55.95,55.95,63.10,63.10,59.03,59.03,87.50,87.50
Greece,GRC,,,20200921,0.00,,0.00,,2.00,1,3.00,1,1.00,1,1.00,1,1.00,0,3.00,2.00,0,2.00,0.00,0.00,2.00,1,3.00,2.00,0.00,0.00,2.00,1,,15142,338,50.93,50.93,55.95,55.95,63.10,63.10,59.03,59.03,87.50,87.50
Greece,GRC,,,20200922,0.00,,0.00,,2.00,1,3.00,1,1.00,1,1.00,1,1.00,0,3.00,2.00,0,2.00,0.00,0.00,2.00,1,3.00,2.00,0.00,0.00,2.00,1,,15595,344,50.93,50.93,55.95,55.95,63.10,63.10,59.03,59.03,87.50,87.50
Greece,GRC,,,20200923,0.00,,0.00,,2.00,1,3.00,1,1.00,1,1.00,1,1.00,0,3.00,2.00,0,2.00,0.00,0.00,2.00,1,3.00,2.00,0.00,0.00,2.00,1,,15928,352,50.93,50.93,55.95,55.95,63.10,63.10,59.03,59.03,87.50,87.50
Greece,GRC,,,20200924,0.00,,0.00,,2.00,1,3.00,1,1.00,1,1.00,1,1.00,0,3.00,2.00,0,2.00,0.00,0.00,2.00,1,3.00,2.00,0.00,0.00,2.00,1,,16286,357,50.93,50.93,55.95,55.95,63.10,63.10,59.03,59.03,87.50,87.50
Greece,GRC,,,20200925,0.00,,0.00,,2.00,1,3.00,1,1.00,1,1.00,1,1.00,0,3.00,2.00,0,2.00,0.00,0.00,2.00,1,3.00,2.00,0.00,0.00,2.00,1,,16627,366,50.93,50.93,55.95,55.95,63.10,63.10,59.03,59.03,87.50,87.50
Greece,GRC,,,20200926,0.00,,0.00,,2.00,1,3.00,1,1.00,1,1.00,1,1.00,0,3.00,2.00,0,2.00,0.00,0.00,2.00,1,3.00,2.00,0.00,0.00,2.00,1,,16913,369,50.93,50.93,55.95,55.95,63.10,63.10,59.03,59.03,87.50,87.50
Greece,GRC,,,20200927,0.00,,0.00,,2.00,1,3.00,1,1.00,1,1.00,1,1.00,0,3.00,2.00,0,2.00,0.00,0.00,2.00,1,3.00,2.00,0.00,0.00,2.00,1,,17228,376,50.93,50.93,55.95,55.95,63.10,63.10,59.03,59.03,87.50,87.50
Greece,GRC,,,20200928,0.00,,0.00,,2.00,1,3.00,1,1.00,1,1.00,1,1.00,0,3.00,2.00,0,2.00,0.00,0.00,2.00,1,3.00,2.00,0.00,0.00,2.00,1,,17444,379,50.93,50.93,55.95,55.95,63.10,63.10,59.03,59.03,87.50,87.50
Greece,GRC,,,20200929,0.00,,1.00,0,2.00,0,4.00,0,1.00,0,1.00,0,1.00,0,3.00,2.00,0,2.00,0.00,0.00,2.00,1,3.00,2.00,0.00,0.00,4.00,0,,17707,383,46.76,46.76,49.52,49.52,63.10,63.10,59.03,59.03,87.50,87.50
Greece,GRC,,,20200930,0.00,,1.00,0,2.00,0,4.00,0,1.00,0,1.00,0,1.00,0,3.00,2.00,0,2.00,0.00,0.00,2.00,1,3.00,2.00,0.00,0.00,4.00,0,,18123,388,46.76,46.76,49.52,49.52,63.10,63.10,59.03,59.03,87.50,87.50
Greece,GRC,,,20201001,0.00,,1.00,0,2.00,0,4.00,0,1.00,0,1.00,0,1.00,0,3.00,2.00,0,2.00,0.00,0.00,2.00,1,3.00,2.00,0.00,0.00,4.00,0,,18475,391,46.76,46.76,49.52,49.52,63.10,63.10,59.03,59.03,87.50,87.50
Greece,GRC,,,20201002,0.00,,1.00,0,2.00,0,4.00,0,1.00,0,1.00,0,1.00,0,3.00,2.00,0,2.00,0.00,0.00,2.00,1,3.00,2.00,0.00,0.00,4.00,0,,18886,393,46.76,46.76,49.52,49.52,63.10,63.10,59.03,59.03,87.50,87.50
Greece,GRC,,,20201003,0.00,,1.00,0,2.00,0,4.00,0,1.00,0,1.00,0,1.00,0,3.00,2.00,0,2.00,0.00,0.00,2.00,1,3.00,2.00,0.00,0.00,4.00,0,,19346,398,46.76,46.76,49.52,49.52,63.10,63.10,59.03,59.03,87.50,87.50
Greece,GRC,,,20201004,0.00,,1.00,0,2.00,0,4.00,0,1.00,0,1.00,0,1.00,0,3.00,2.00,0,2.00,0.00,0.00,2.00,1,3.00,2.00,0.00,0.00,4.00,0,,19613,405,46.76,46.76,49.52,49.52,63.10,63.10,59.03,59.03,87.50,87.50
Greece,GRC,,,20201005,0.00,,1.00,0,2.00,0,4.00,0,1.00,0,1.00,0,1.00,0,3.00,2.00,0,2.00,0.00,0.00,2.00,1,3.00,2.00,0.00,0.00,4.00,0,,19842,409,46.76,46.76,49.52,49.52,63.10,63.10,59.03,59.03,87.50,87.50
Greece,GRC,,,20201006,0.00,,1.00,0,2.00,0,4.00,0,1.00,0,1.00,0,1.00,0,3.00,2.00,0,2.00,0.00,0.00,2.00,1,3.00,2.00,0.00,0.00,4.00,0,,20142,417,46.76,46.76,49.52,49.52,63.10,63.10,59.03,59.03,87.50,87.50
Greece,GRC,,,20201007,0.00,,1.00,0,2.00,0,4.00,0,1.00,0,1.00,0,1.00,0,3.00,2.00,0,2.00,0.00,0.00,2.00,1,3.00,2.00,0.00,0.00,4.00,0,,20541,420,46.76,46.76,49.52,49.52,63.10,63.10,59.03,59.03,87.50,87.50
Greece,GRC,,,20201008,0.00,,1.00,0,2.00,0,4.00,0,1.00,0,1.00,0,1.00,0,3.00,2.00,0,2.00,0.00,0.00,2.00,1,3.00,2.00,0.00,0.00,4.00,0,,20947,424,46.76,46.76,49.52,49.52,63.10,63.10,59.03,59.03,87.50,87.50
Greece,GRC,,,20201009,0.00,,1.00,0,2.00,0,4.00,0,1.00,0,1.00,0,1.00,0,3.00,2.00,0,2.00,0.00,0.00,2.00,1,3.00,2.00,0.00,0.00,4.00,0,,21381,430,46.76,46.76,49.52,49.52,63.10,63.10,59.03,59.03,87.50,87.50
Greece,GRC,,,20201010,0.00,,1.00,0,2.00,0,4.00,0,1.00,0,1.00,0,1.00,0,3.00,2.00,0,2.00,0.00,0.00,2.00,1,3.00,2.00,0.00,0.00,4.00,0,,21772,431,46.76,46.76,49.52,49.52,63.10,63.10,59.03,59.03,87.50,87.50
Greece,GRC,,,20201011,0.00,,1.00,0,2.00,0,4.00,0,1.00,0,1.00,0,1.00,0,3.00,2.00,0,2.00,0.00,0.00,2.00,1,3.00,2.00,0.00,0.00,4.00,0,,22078,436,46.76,46.76,49.52,49.52,63.10,63.10,59.03,59.03,87.50,87.50
Greece,GRC,,,20201012,,,,,,,,,,,,,,,,,,,,,,,,,,,,,,22358,449,,,,,,,,,,
Greece,GRC,,,20201013,,,,,,,,,,,,,,,,,,,,,,,,,,,,,,22652,456,,,,,,,,,,
Greece,GRC,,,20201014,,,,,,,,,,,,,,,,,,,,,,,,,,,,,,23060,462,,,,,,,,,,
Greece,GRC,,,20201015,,,,,,,,,,,,,,,,,,,,,,,,,,,,,,23495,469,,,,,,,,,,
Greece,GRC,,,20201016,,,,,,,,,,,,,,,,,,,,,,,,,,,,,,23947,482,,,,,,,,,,
Greece,GRC,,,20201017,,,,,,,,,,,,,,,,,,,,,,,,,,,,,,24450,490,,46.76,,49.52,,63.10,,59.03,,87.50
Greece,GRC,,,20201018,,,,,,,,,,,,,,,,,,,,,,,,,,,,,,24932,500,,46.76,,49.52,,63.10,,59.03,,87.50
Greece,GRC,,,20201019,,,,,,,,,,,,,,,,,,,,,,,,,,,,,,25370,509,,46.76,,49.52,,63.10,,59.03,,87.50
Greece,GRC,,,20201020,,,,,,,,,,,,,,,,,,,,,,,,,,,,,,25802,520,,46.76,,49.52,,63.10,,59.03,,87.50
Greece,GRC,,,20201021,,,,,,,,,,,,,,,,,,,,,,,,,,,,,,26469,528,,46.76,,49.52,,63.10,,59.03,,87.50
Greece,GRC,,,20201022,,,,,,,,,,,,,,,,,,,,,,,,,,,,,,27334,534,,46.76,,49.52,,63.10,,59.03,,87.50
Greece,GRC,,,20201023,,,,,,,,,,,,,,,,,,,,,,,,,,,,,,,,,46.76,,49.52,,63.10,,59.03,,87.50
